1033,-2.1701e+10,-2.0489e+10,-2.1701e+10,-2.1701e+10,-2.1701e+10
1033,-2.1701e+10,-2.0489e+10,-2.1701e+10,-2.1701e+10,-2.1701e+10
1033,-2.1701e+10,-2.0489e+10,-2.1701e+10,-2.1701e+10,-2.1701e+10
1033,-2.1701e+10,-2.0489e+10,-2.1701e+10,-2.1701e+10,-2.1701e+10
1033,-2.1701e+10,-2.0489e+10,-2.1701e+10,-2.1701e+10,-2.1701e+10
1063,-2.1701e+10,-2.0489e+10,-2.1701e+10,-2.1701e+10,-2.1701e+10
1063,-2.1701e+10,-2.0489e+10,-2.1701e+10,-2.1701e+10,-2.1701e+10
1071,-2.1701e+10,-2.0489e+10,-2.1701e+10,-2.1701e+10,-2.1701e+10
1071,-2.1701e+10,-2.0489e+10,-2.1701e+10,-2.1701e+10,-2.1701e+10
1071,-2.1701e+10,-2.0489e+10,-2.1701e+10,-2.1701e+10,-2.1701e+10
1071,-2.1701e+10,-2.0489e+10,-2.1701e+10,-2.1701e+10,-2.1701e+10
1071,-2.1701e+10,-2.0489e+10,-2.1701e+10,-2.1701e+10,-2.1701e+10
1071,-2.1701e+10,-2.0489e+10,-2.1701e+10,-2.1701e+10,-2.1701e+10
1073,-2.1701e+10,-2.0489e+10,-2.1701e+10,-2.1701e+10,-2.1701e+10
1073,-2.1701e+10,-2.0489e+10,-2.1701e+10,-2.1701e+10,-2.1701e+10
1073,-2.1701e+10,-2.0489e+10,-2.1701e+10,-2.1701e+10,-2.1701e+10
1073,-2.1701e+10,-2.0489e+10,-2.1701e+10,-2.1701e+10,-2.1701e+10
1097,-2.1701e+10,-2.0489e+10,-2.1701e+10,-2.1701e+10,-2.1701e+10
1097,-2.1701e+10,-2.0489e+10,-2.1701e+10,-2.1701e+10,-2.1701e+10
1097,-2.1701e+10,-2.0489e+10,-2.1701e+10,-2.1701e+10,-2.1701e+10
1097,-2.1701e+10,-2.0489e+10,-2.1701e+10,-2.1701e+10,-2.1701e+10
1097,-2.1701e+10,-2.0489e+10,-2.1701e+10,-2.1701e+10,-2.1701e+10
1117,-2.1701e+10,-2.0489e+10,-2.1701e+10,-2.1701e+10,-2.1701e+10
1117,-2.1701e+10,-2.0489e+10,-2.1701e+10,-2.1701e+10,-2.1701e+10
1117,-2.1701e+10,-2.0489e+10,-2.1701e+10,-2.1701e+10,-2.1701e+10
1117,-2.1701e+10,-2.0489e+10,-2.1701e+10,-2.1701e+10,-2.1701e+10
1117,-2.1701e+10,-2.0489e+10,-2.1701e+10,-2.1701e+10,-2.1701e+10
1127,-2.1701e+10,-2.0489e+10,-2.1701e+10,-2.1701e+10,-2.1701e+10
1127,-2.1701e+10,-2.0489e+10,-2.1701e+10,-2.1701e+10,-2.1701e+10
1127,-2.1701e+10,-2.0489e+10,-2.1701e+10,-2.1701e+10,-2.1701e+10
4005,-2.1701e+10,-2.0489e+10,-2.1701e+10,-2.1701e+10,-2.1701e+10
4005,-2.1701e+10,-2.0489e+10,-2.1701e+10,-2.1701e+10,-2.1701e+10
4005,-2.1701e+10,-2.0489e+10,-2.1701e+10,-2.1701e+10,-2.1701e+10
4013,-2.1701e+10,-2.0489e+10,-2.1701e+10,-2.1701e+10,-2.1701e+10
4013,-2.1701e+10,-2.0489e+10,-2.1701e+10,-2.1701e+10,-2.1701e+10
4017,-2.1701e+10,-2.0489e+10,-2.1701e+10,-2.1701e+10,-2.1701e+10
5007,-2.1701e+10,-2.0489e+10,-2.1701e+10,-2.1701e+10,-2.1701e+10
5063,-2.1701e+10,-2.0489e+10,-2.1701e+10,-2.1701e+10,-2.1701e+10
5063,-2.1701e+10,-2.0489e+10,-2.1701e+10,-2.1701e+10,-2.1701e+10
5069,-2.1701e+10,-2.0489e+10,-2.1701e+10,-2.1701e+10,-2.1701e+10
5069,-2.1701e+10,-2.0489e+10,-2.1701e+10,-2.1701e+10,-2.1701e+10
5121,-2.1701e+10,-2.0489e+10,-2.1701e+10,-2.1701e+10,-2.1701e+10
6053,-2.1701e+10,-2.0489e+10,-2.1701e+10,-2.1701e+10,-2.1701e+10
6053,-2.1701e+10,-2.0489e+10,-2.1701e+10,-2.1701e+10,-2.1701e+10
6073,-2.1701e+10,-2.0489e+10,-2.1701e+10,-2.1701e+10,-2.1701e+10
6073,-2.1701e+10,-2.0489e+10,-2.1701e+10,-2.1701e+10,-2.1701e+10
6073,-2.1701e+10,-2.0489e+10,-2.1701e+10,-2.1701e+10,-2.1701e+10
6073,-2.1701e+10,-2.0489e+10,-2.1701e+10,-2.1701e+10,-2.1701e+10
6073,-2.1701e+10,-2.0489e+10,-2.1701e+10,-2.1701e+10,-2.1701e+10
8081,-2.1701e+10,-2.0489e+10,-2.1701e+10,-2.1701e+10,-2.1701e+10
8087,-2.1701e+10,-2.0489e+10,-2.1701e+10,-2.1701e+10,-2.1701e+10
8101,-2.1701e+10,-2.0489e+10,-2.1701e+10,-2.1701e+10,-2.1701e+10
8101,-2.1701e+10,-2.0489e+10,-2.1701e+10,-2.1701e+10,-2.1701e+10
8107,-2.1701e+10,-2.0489e+10,-2.1701e+10,-2.1701e+10,-2.1701e+10
9007,-2.1701e+10,-2.0489e+10,-2.1701e+10,-2.1701e+10,-2.1701e+10
9009,-2.1701e+10,-2.0489e+10,-2.1701e+10,-2.1701e+10,-2.1701e+10
9011,-2.1701e+10,-2.0489e+10,-2.1701e+10,-2.1701e+10,-2.1701e+10
10003,-2.1701e+10,-2.0489e+10,-2.1701e+10,-2.1701e+10,-2.1701e+10
10003,-2.1701e+10,-2.0489e+10,-2.1701e+10,-2.1701e+10,-2.1701e+10
10003,-2.1701e+10,-2.0489e+10,-2.1701e+10,-2.1701e+10,-2.1701e+10
10003,-2.1701e+10,-2.0489e+10,-2.1701e+10,-2.1701e+10,-2.1701e+10
10003,-2.1701e+10,-2.0489e+10,-2.1701e+10,-2.1701e+10,-2.1701e+10
10005,-2.1701e+10,-2.0489e+10,-2.1701e+10,-2.1701e+10,-2.1701e+10
11001,-2.1701e+10,-2.0489e+10,-2.1701e+10,-2.1701e+10,-2.1701e+10
12017,-2.1701e+10,-2.0489e+10,-2.1701e+10,-2.1701e+10,-2.1701e+10
12017,-2.1701e+10,-2.0489e+10,-2.1701e+10,-2.1701e+10,-2.1701e+10
12017,-2.1701e+10,-2.0489e+10,-2.1701e+10,-2.1701e+10,-2.1701e+10
12017,-2.1701e+10,-2.0489e+10,-2.1701e+10,-2.1701e+10,-2.1701e+10
12031,-2.1701e+10,-2.0489e+10,-2.1701e+10,-2.1701e+10,-2.1701e+10
12033,-2.1701e+10,-2.0489e+10,-2.1701e+10,-2.1701e+10,-2.1701e+10
12033,-2.1701e+10,-2.0489e+10,-2.1701e+10,-2.1701e+10,-2.1701e+10
12057,-2.1701e+10,-2.0489e+10,-2.1701e+10,-2.1701e+10,-2.1701e+10
12057,-2.1701e+10,-2.0489e+10,-2.1701e+10,-2.1701e+10,-2.1701e+10
12071,-2.1701e+10,-2.0489e+10,-2.1701e+10,-2.1701e+10,-2.1701e+10
12081,-2.1701e+10,-2.0489e+10,-2.1701e+10,-2.1701e+10,-2.1701e+10
12081,-2.1701e+10,-2.0489e+10,-2.1701e+10,-2.1701e+10,-2.1701e+10
12085,-2.1701e+10,-2.0489e+10,-2.1701e+10,-2.1701e+10,-2.1701e+10
12085,-2.1701e+10,-2.0489e+10,-2.1701e+10,-2.1701e+10,-2.1701e+10
12101,-2.1701e+10,-2.0489e+10,-2.1701e+10,-2.1701e+10,-2.1701e+10
12101,-2.1701e+10,-2.0489e+10,-2.1701e+10,-2.1701e+10,-2.1701e+10
12121,-2.1701e+10,-2.0489e+10,-2.1701e+10,-2.1701e+10,-2.1701e+10
12121,-2.1701e+10,-2.0489e+10,-2.1701e+10,-2.1701e+10,-2.1701e+10
12121,-2.1701e+10,-2.0489e+10,-2.1701e+10,-2.1701e+10,-2.1701e+10
13015,-2.1701e+10,-2.0489e+10,-2.1701e+10,-2.1701e+10,-2.1701e+10
13015,-2.1701e+10,-2.0489e+10,-2.1701e+10,-2.1701e+10,-2.1701e+10
13015,-2.1701e+10,-2.0489e+10,-2.1701e+10,-2.1701e+10,-2.1701e+10
13015,-2.1701e+10,-2.0489e+10,-2.1701e+10,-2.1701e+10,-2.1701e+10
13021,-2.1701e+10,-2.0489e+10,-2.1701e+10,-2.1701e+10,-2.1701e+10
13021,-2.1701e+10,-2.0489e+10,-2.1701e+10,-2.1701e+10,-2.1701e+10
13021,-2.1701e+10,-2.0489e+10,-2.1701e+10,-2.1701e+10,-2.1701e+10
13021,-2.1701e+10,-2.0489e+10,-2.1701e+10,-2.1701e+10,-2.1701e+10
13067,-2.1701e+10,-2.0489e+10,-2.1701e+10,-2.1701e+10,-2.1701e+10
13067,-2.1701e+10,-2.0489e+10,-2.1701e+10,-2.1701e+10,-2.1701e+10
13077,-2.1701e+10,-2.0489e+10,-2.1701e+10,-2.1701e+10,-2.1701e+10
13077,-2.1701e+10,-2.0489e+10,-2.1701e+10,-2.1701e+10,-2.1701e+10
13077,-2.1701e+10,-2.0489e+10,-2.1701e+10,-2.1701e+10,-2.1701e+10
13077,-2.1701e+10,-2.0489e+10,-2.1701e+10,-2.1701e+10,-2.1701e+10
13077,-2.1701e+10,-2.0489e+10,-2.1701e+10,-2.1701e+10,-2.1701e+10
13115,-2.1701e+10,-2.0489e+10,-2.1701e+10,-2.1701e+10,-2.1701e+10
13115,-2.1701e+10,-2.0489e+10,-2.1701e+10,-2.1701e+10,-2.1701e+10
13115,-2.1701e+10,-2.0489e+10,-2.1701e+10,-2.1701e+10,-2.1701e+10
13115,-2.1701e+10,-2.0489e+10,-2.1701e+10,-2.1701e+10,-2.1701e+10
13121,-2.1701e+10,-2.0489e+10,-2.1701e+10,-2.1701e+10,-2.1701e+10
13149,-2.1701e+10,-2.0489e+10,-2.1701e+10,-2.1701e+10,-2.1701e+10
13149,-2.1701e+10,-2.0489e+10,-2.1701e+10,-2.1701e+10,-2.1701e+10
13207,-2.1701e+10,-2.0489e+10,-2.1701e+10,-2.1701e+10,-2.1701e+10
13207,-2.1701e+10,-2.0489e+10,-2.1701e+10,-2.1701e+10,-2.1701e+10
13207,-2.1701e+10,-2.0489e+10,-2.1701e+10,-2.1701e+10,-2.1701e+10
13207,-2.1701e+10,-2.0489e+10,-2.1701e+10,-2.1701e+10,-2.1701e+10
13237,-2.1701e+10,-2.0489e+10,-2.1701e+10,-2.1701e+10,-2.1701e+10
13237,-2.1701e+10,-2.0489e+10,-2.1701e+10,-2.1701e+10,-2.1701e+10
13237,-2.1701e+10,-2.0489e+10,-2.1701e+10,-2.1701e+10,-2.1701e+10
13237,-2.1701e+10,-2.0489e+10,-2.1701e+10,-2.1701e+10,-2.1701e+10
17021,-2.1701e+10,-2.0489e+10,-2.1701e+10,-2.1701e+10,-2.1701e+10
17021,-2.1701e+10,-2.0489e+10,-2.1701e+10,-2.1701e+10,-2.1701e+10
17063,-2.1701e+10,-2.0489e+10,-2.1701e+10,-2.1701e+10,-2.1701e+10
17063,-2.1701e+10,-2.0489e+10,-2.1701e+10,-2.1701e+10,-2.1701e+10
17063,-2.1701e+10,-2.0489e+10,-2.1701e+10,-2.1701e+10,-2.1701e+10
17063,-2.1701e+10,-2.0489e+10,-2.1701e+10,-2.1701e+10,-2.1701e+10
17063,-2.1701e+10,-2.0489e+10,-2.1701e+10,-2.1701e+10,-2.1701e+10
17079,-2.1701e+10,-2.0489e+10,-2.1701e+10,-2.1701e+10,-2.1701e+10
17079,-2.1701e+10,-2.0489e+10,-2.1701e+10,-2.1701e+10,-2.1701e+10
17125,-2.1701e+10,-2.0489e+10,-2.1701e+10,-2.1701e+10,-2.1701e+10
17127,-2.1701e+10,-2.0489e+10,-2.1701e+10,-2.1701e+10,-2.1701e+10
17127,-2.1701e+10,-2.0489e+10,-2.1701e+10,-2.1701e+10,-2.1701e+10
17127,-2.1701e+10,-2.0489e+10,-2.1701e+10,-2.1701e+10,-2.1701e+10
17127,-2.1701e+10,-2.0489e+10,-2.1701e+10,-2.1701e+10,-2.1701e+10
17127,-2.1701e+10,-2.0489e+10,-2.1701e+10,-2.1701e+10,-2.1701e+10
17127,-2.1701e+10,-2.0489e+10,-2.1701e+10,-2.1701e+10,-2.1701e+10
17135,-2.1701e+10,-2.0489e+10,-2.1701e+10,-2.1701e+10,-2.1701e+10
17135,-2.1701e+10,-2.0489e+10,-2.1701e+10,-2.1701e+10,-2.1701e+10
17143,-2.1701e+10,-2.0489e+10,-2.1701e+10,-2.1701e+10,-2.1701e+10
17143,-2.1701e+10,-2.0489e+10,-2.1701e+10,-2.1701e+10,-2.1701e+10
17157,-2.1701e+10,-2.0489e+10,-2.1701e+10,-2.1701e+10,-2.1701e+10
17157,-2.1701e+10,-2.0489e+10,-2.1701e+10,-2.1701e+10,-2.1701e+10
17157,-2.1701e+10,-2.0489e+10,-2.1701e+10,-2.1701e+10,-2.1701e+10
17179,-2.1701e+10,-2.0489e+10,-2.1701e+10,-2.1701e+10,-2.1701e+10
17179,-2.1701e+10,-2.0489e+10,-2.1701e+10,-2.1701e+10,-2.1701e+10
17179,-2.1701e+10,-2.0489e+10,-2.1701e+10,-2.1701e+10,-2.1701e+10
17179,-2.1701e+10,-2.0489e+10,-2.1701e+10,-2.1701e+10,-2.1701e+10
17197,-2.1701e+10,-2.0489e+10,-2.1701e+10,-2.1701e+10,-2.1701e+10
17197,-2.1701e+10,-2.0489e+10,-2.1701e+10,-2.1701e+10,-2.1701e+10
17197,-2.1701e+10,-2.0489e+10,-2.1701e+10,-2.1701e+10,-2.1701e+10
17197,-2.1701e+10,-2.0489e+10,-2.1701e+10,-2.1701e+10,-2.1701e+10
17197,-2.1701e+10,-2.0489e+10,-2.1701e+10,-2.1701e+10,-2.1701e+10
18029,-2.1701e+10,-2.0489e+10,-2.1701e+10,-2.1701e+10,-2.1701e+10
18029,-2.1701e+10,-2.0489e+10,-2.1701e+10,-2.1701e+10,-2.1701e+10
18029,-2.1701e+10,-2.0489e+10,-2.1701e+10,-2.1701e+10,-2.1701e+10
18029,-2.1701e+10,-2.0489e+10,-2.1701e+10,-2.1701e+10,-2.1701e+10
18051,-2.1701e+10,-2.0489e+10,-2.1701e+10,-2.1701e+10,-2.1701e+10
18051,-2.1701e+10,-2.0489e+10,-2.1701e+10,-2.1701e+10,-2.1701e+10
18051,-2.1701e+10,-2.0489e+10,-2.1701e+10,-2.1701e+10,-2.1701e+10
18051,-2.1701e+10,-2.0489e+10,-2.1701e+10,-2.1701e+10,-2.1701e+10
18073,-2.1701e+10,-2.0489e+10,-2.1701e+10,-2.1701e+10,-2.1701e+10
18073,-2.1701e+10,-2.0489e+10,-2.1701e+10,-2.1701e+10,-2.1701e+10
18077,-2.1701e+10,-2.0489e+10,-2.1701e+10,-2.1701e+10,-2.1701e+10
18077,-2.1701e+10,-2.0489e+10,-2.1701e+10,-2.1701e+10,-2.1701e+10
18077,-2.1701e+10,-2.0489e+10,-2.1701e+10,-2.1701e+10,-2.1701e+10
18077,-2.1701e+10,-2.0489e+10,-2.1701e+10,-2.1701e+10,-2.1701e+10
18077,-2.1701e+10,-2.0489e+10,-2.1701e+10,-2.1701e+10,-2.1701e+10
18077,-2.1701e+10,-2.0489e+10,-2.1701e+10,-2.1701e+10,-2.1701e+10
18089,-2.1701e+10,-2.0489e+10,-2.1701e+10,-2.1701e+10,-2.1701e+10
18091,-2.1701e+10,-2.0489e+10,-2.1701e+10,-2.1701e+10,-2.1701e+10
18147,-2.1701e+10,-2.0489e+10,-2.1701e+10,-2.1701e+10,-2.1701e+10
18147,-2.1701e+10,-2.0489e+10,-2.1701e+10,-2.1701e+10,-2.1701e+10
18153,-2.1701e+10,-2.0489e+10,-2.1701e+10,-2.1701e+10,-2.1701e+10
18153,-2.1701e+10,-2.0489e+10,-2.1701e+10,-2.1701e+10,-2.1701e+10
18153,-2.1701e+10,-2.0489e+10,-2.1701e+10,-2.1701e+10,-2.1701e+10
18165,-2.1701e+10,-2.0489e+10,-2.1701e+10,-2.1701e+10,-2.1701e+10
18165,-2.1701e+10,-2.0489e+10,-2.1701e+10,-2.1701e+10,-2.1701e+10
18167,-2.1701e+10,-2.0489e+10,-2.1701e+10,-2.1701e+10,-2.1701e+10
18167,-2.1701e+10,-2.0489e+10,-2.1701e+10,-2.1701e+10,-2.1701e+10
18167,-2.1701e+10,-2.0489e+10,-2.1701e+10,-2.1701e+10,-2.1701e+10
18167,-2.1701e+10,-2.0489e+10,-2.1701e+10,-2.1701e+10,-2.1701e+10
18167,-2.1701e+10,-2.0489e+10,-2.1701e+10,-2.1701e+10,-2.1701e+10
18173,-2.1701e+10,-2.0489e+10,-2.1701e+10,-2.1701e+10,-2.1701e+10
19115,-2.1701e+10,-2.0489e+10,-2.1701e+10,-2.1701e+10,-2.1701e+10
19155,-2.1701e+10,-2.0489e+10,-2.1701e+10,-2.1701e+10,-2.1701e+10
19179,-2.1701e+10,-2.0489e+10,-2.1701e+10,-2.1701e+10,-2.1701e+10
19193,-2.1701e+10,-2.0489e+10,-2.1701e+10,-2.1701e+10,-2.1701e+10
19193,-2.1701e+10,-2.0489e+10,-2.1701e+10,-2.1701e+10,-2.1701e+10
20107,-2.1701e+10,-2.0489e+10,-2.1701e+10,-2.1701e+10,-2.1701e+10
20107,-2.1701e+10,-2.0489e+10,-2.1701e+10,-2.1701e+10,-2.1701e+10
20149,-2.1701e+10,-2.0489e+10,-2.1701e+10,-2.1701e+10,-2.1701e+10
20149,-2.1701e+10,-2.0489e+10,-2.1701e+10,-2.1701e+10,-2.1701e+10
20149,-2.1701e+10,-2.0489e+10,-2.1701e+10,-2.1701e+10,-2.1701e+10
20155,-2.1701e+10,-2.0489e+10,-2.1701e+10,-2.1701e+10,-2.1701e+10
21015,-2.1701e+10,-2.0489e+10,-2.1701e+10,-2.1701e+10,-2.1701e+10
21041,-2.1701e+10,-2.0489e+10,-2.1701e+10,-2.1701e+10,-2.1701e+10
21041,-2.1701e+10,-2.0489e+10,-2.1701e+10,-2.1701e+10,-2.1701e+10
21041,-2.1701e+10,-2.0489e+10,-2.1701e+10,-2.1701e+10,-2.1701e+10
21041,-2.1701e+10,-2.0489e+10,-2.1701e+10,-2.1701e+10,-2.1701e+10
21059,-2.1701e+10,-2.0489e+10,-2.1701e+10,-2.1701e+10,-2.1701e+10
21059,-2.1701e+10,-2.0489e+10,-2.1701e+10,-2.1701e+10,-2.1701e+10
21127,-2.1701e+10,-2.0489e+10,-2.1701e+10,-2.1701e+10,-2.1701e+10
21127,-2.1701e+10,-2.0489e+10,-2.1701e+10,-2.1701e+10,-2.1701e+10
21145,-2.1701e+10,-2.0489e+10,-2.1701e+10,-2.1701e+10,-2.1701e+10
21145,-2.1701e+10,-2.0489e+10,-2.1701e+10,-2.1701e+10,-2.1701e+10
21145,-2.1701e+10,-2.0489e+10,-2.1701e+10,-2.1701e+10,-2.1701e+10
21145,-2.1701e+10,-2.0489e+10,-2.1701e+10,-2.1701e+10,-2.1701e+10
21145,-2.1701e+10,-2.0489e+10,-2.1701e+10,-2.1701e+10,-2.1701e+10
21145,-2.1701e+10,-2.0489e+10,-2.1701e+10,-2.1701e+10,-2.1701e+10
21145,-2.1701e+10,-2.0489e+10,-2.1701e+10,-2.1701e+10,-2.1701e+10
21145,-2.1701e+10,-2.0489e+10,-2.1701e+10,-2.1701e+10,-2.1701e+10
21145,-2.1701e+10,-2.0489e+10,-2.1701e+10,-2.1701e+10,-2.1701e+10
21145,-2.1701e+10,-2.0489e+10,-2.1701e+10,-2.1701e+10,-2.1701e+10
21161,-2.1701e+10,-2.0489e+10,-2.1701e+10,-2.1701e+10,-2.1701e+10
21161,-2.1701e+10,-2.0489e+10,-2.1701e+10,-2.1701e+10,-2.1701e+10
21167,-2.1701e+10,-2.0489e+10,-2.1701e+10,-2.1701e+10,-2.1701e+10
21177,-2.1701e+10,-2.0489e+10,-2.1701e+10,-2.1701e+10,-2.1701e+10
21177,-2.1701e+10,-2.0489e+10,-2.1701e+10,-2.1701e+10,-2.1701e+10
21177,-2.1701e+10,-2.0489e+10,-2.1701e+10,-2.1701e+10,-2.1701e+10
21223,-2.1701e+10,-2.0489e+10,-2.1701e+10,-2.1701e+10,-2.1701e+10
22019,-2.1701e+10,-2.0489e+10,-2.1701e+10,-2.1701e+10,-2.1701e+10
22019,-2.1701e+10,-2.0489e+10,-2.1701e+10,-2.1701e+10,-2.1701e+10
22077,-2.1701e+10,-2.0489e+10,-2.1701e+10,-2.1701e+10,-2.1701e+10
22077,-2.1701e+10,-2.0489e+10,-2.1701e+10,-2.1701e+10,-2.1701e+10
22077,-2.1701e+10,-2.0489e+10,-2.1701e+10,-2.1701e+10,-2.1701e+10
23005,-2.1701e+10,-2.0489e+10,-2.1701e+10,-2.1701e+10,-2.1701e+10
24003,-2.1701e+10,-2.0489e+10,-2.1701e+10,-2.1701e+10,-2.1701e+10
24003,-2.1701e+10,-2.0489e+10,-2.1701e+10,-2.1701e+10,-2.1701e+10
24003,-2.1701e+10,-2.0489e+10,-2.1701e+10,-2.1701e+10,-2.1701e+10
24017,-2.1701e+10,-2.0489e+10,-2.1701e+10,-2.1701e+10,-2.1701e+10
24017,-2.1701e+10,-2.0489e+10,-2.1701e+10,-2.1701e+10,-2.1701e+10
24033,-2.1701e+10,-2.0489e+10,-2.1701e+10,-2.1701e+10,-2.1701e+10
24033,-2.1701e+10,-2.0489e+10,-2.1701e+10,-2.1701e+10,-2.1701e+10
24033,-2.1701e+10,-2.0489e+10,-2.1701e+10,-2.1701e+10,-2.1701e+10
24033,-2.1701e+10,-2.0489e+10,-2.1701e+10,-2.1701e+10,-2.1701e+10
24033,-2.1701e+10,-2.0489e+10,-2.1701e+10,-2.1701e+10,-2.1701e+10
24043,-2.1701e+10,-2.0489e+10,-2.1701e+10,-2.1701e+10,-2.1701e+10
25001,-2.1701e+10,-2.0489e+10,-2.1701e+10,-2.1701e+10,-2.1701e+10
25005,-2.1701e+10,-2.0489e+10,-2.1701e+10,-2.1701e+10,-2.1701e+10
25005,-2.1701e+10,-2.0489e+10,-2.1701e+10,-2.1701e+10,-2.1701e+10
25009,-2.1701e+10,-2.0489e+10,-2.1701e+10,-2.1701e+10,-2.1701e+10
25017,-2.1701e+10,-2.0489e+10,-2.1701e+10,-2.1701e+10,-2.1701e+10
26017,-2.1701e+10,-2.0489e+10,-2.1701e+10,-2.1701e+10,-2.1701e+10
26017,-2.1701e+10,-2.0489e+10,-2.1701e+10,-2.1701e+10,-2.1701e+10
26115,-2.1701e+10,-2.0489e+10,-2.1701e+10,-2.1701e+10,-2.1701e+10
26115,-2.1701e+10,-2.0489e+10,-2.1701e+10,-2.1701e+10,-2.1701e+10
26115,-2.1701e+10,-2.0489e+10,-2.1701e+10,-2.1701e+10,-2.1701e+10
26115,-2.1701e+10,-2.0489e+10,-2.1701e+10,-2.1701e+10,-2.1701e+10
26121,-2.1701e+10,-2.0489e+10,-2.1701e+10,-2.1701e+10,-2.1701e+10
26121,-2.1701e+10,-2.0489e+10,-2.1701e+10,-2.1701e+10,-2.1701e+10
26121,-2.1701e+10,-2.0489e+10,-2.1701e+10,-2.1701e+10,-2.1701e+10
26121,-2.1701e+10,-2.0489e+10,-2.1701e+10,-2.1701e+10,-2.1701e+10
26121,-2.1701e+10,-2.0489e+10,-2.1701e+10,-2.1701e+10,-2.1701e+10
26139,-2.1701e+10,-2.0489e+10,-2.1701e+10,-2.1701e+10,-2.1701e+10
26139,-2.1701e+10,-2.0489e+10,-2.1701e+10,-2.1701e+10,-2.1701e+10
26139,-2.1701e+10,-2.0489e+10,-2.1701e+10,-2.1701e+10,-2.1701e+10
26147,-2.1701e+10,-2.0489e+10,-2.1701e+10,-2.1701e+10,-2.1701e+10
26147,-2.1701e+10,-2.0489e+10,-2.1701e+10,-2.1701e+10,-2.1701e+10
26147,-2.1701e+10,-2.0489e+10,-2.1701e+10,-2.1701e+10,-2.1701e+10
26147,-2.1701e+10,-2.0489e+10,-2.1701e+10,-2.1701e+10,-2.1701e+10
26163,-2.1701e+10,-2.0489e+10,-2.1701e+10,-2.1701e+10,-2.1701e+10
26163,-2.1701e+10,-2.0489e+10,-2.1701e+10,-2.1701e+10,-2.1701e+10
26163,-2.1701e+10,-2.0489e+10,-2.1701e+10,-2.1701e+10,-2.1701e+10
26163,-2.1701e+10,-2.0489e+10,-2.1701e+10,-2.1701e+10,-2.1701e+10
26163,-2.1701e+10,-2.0489e+10,-2.1701e+10,-2.1701e+10,-2.1701e+10
27037,-2.1701e+10,-2.0489e+10,-2.1701e+10,-2.1701e+10,-2.1701e+10
27037,-2.1701e+10,-2.0489e+10,-2.1701e+10,-2.1701e+10,-2.1701e+10
27037,-2.1701e+10,-2.0489e+10,-2.1701e+10,-2.1701e+10,-2.1701e+10
27037,-2.1701e+10,-2.0489e+10,-2.1701e+10,-2.1701e+10,-2.1701e+10
27061,-2.1701e+10,-2.0489e+10,-2.1701e+10,-2.1701e+10,-2.1701e+10
27141,-2.1701e+10,-2.0489e+10,-2.1701e+10,-2.1701e+10,-2.1701e+10
27141,-2.1701e+10,-2.0489e+10,-2.1701e+10,-2.1701e+10,-2.1701e+10
27141,-2.1701e+10,-2.0489e+10,-2.1701e+10,-2.1701e+10,-2.1701e+10
27163,-2.1701e+10,-2.0489e+10,-2.1701e+10,-2.1701e+10,-2.1701e+10
28059,-2.1701e+10,-2.0489e+10,-2.1701e+10,-2.1701e+10,-2.1701e+10
28059,-2.1701e+10,-2.0489e+10,-2.1701e+10,-2.1701e+10,-2.1701e+10
28149,-2.1701e+10,-2.0489e+10,-2.1701e+10,-2.1701e+10,-2.1701e+10
29071,-2.1701e+10,-2.0489e+10,-2.1701e+10,-2.1701e+10,-2.1701e+10
29071,-2.1701e+10,-2.0489e+10,-2.1701e+10,-2.1701e+10,-2.1701e+10
29071,-2.1701e+10,-2.0489e+10,-2.1701e+10,-2.1701e+10,-2.1701e+10
29071,-2.1701e+10,-2.0489e+10,-2.1701e+10,-2.1701e+10,-2.1701e+10
29095,-2.1701e+10,-2.0489e+10,-2.1701e+10,-2.1701e+10,-2.1701e+10
29095,-2.1701e+10,-2.0489e+10,-2.1701e+10,-2.1701e+10,-2.1701e+10
29095,-2.1701e+10,-2.0489e+10,-2.1701e+10,-2.1701e+10,-2.1701e+10
29095,-2.1701e+10,-2.0489e+10,-2.1701e+10,-2.1701e+10,-2.1701e+10
29099,-2.1701e+10,-2.0489e+10,-2.1701e+10,-2.1701e+10,-2.1701e+10
29099,-2.1701e+10,-2.0489e+10,-2.1701e+10,-2.1701e+10,-2.1701e+10
29143,-2.1701e+10,-2.0489e+10,-2.1701e+10,-2.1701e+10,-2.1701e+10
29143,-2.1701e+10,-2.0489e+10,-2.1701e+10,-2.1701e+10,-2.1701e+10
29165,-2.1701e+10,-2.0489e+10,-2.1701e+10,-2.1701e+10,-2.1701e+10
29183,-2.1701e+10,-2.0489e+10,-2.1701e+10,-2.1701e+10,-2.1701e+10
29183,-2.1701e+10,-2.0489e+10,-2.1701e+10,-2.1701e+10,-2.1701e+10
29189,-2.1701e+10,-2.0489e+10,-2.1701e+10,-2.1701e+10,-2.1701e+10
30087,-2.1701e+10,-2.0489e+10,-2.1701e+10,-2.1701e+10,-2.1701e+10
30087,-2.1701e+10,-2.0489e+10,-2.1701e+10,-2.1701e+10,-2.1701e+10
31111,-2.1701e+10,-2.0489e+10,-2.1701e+10,-2.1701e+10,-2.1701e+10
31111,-2.1701e+10,-2.0489e+10,-2.1701e+10,-2.1701e+10,-2.1701e+10
31131,-2.1701e+10,-2.0489e+10,-2.1701e+10,-2.1701e+10,-2.1701e+10
32003,-2.1701e+10,-2.0489e+10,-2.1701e+10,-2.1701e+10,-2.1701e+10
32003,-2.1701e+10,-2.0489e+10,-2.1701e+10,-2.1701e+10,-2.1701e+10
33015,-2.1701e+10,-2.0489e+10,-2.1701e+10,-2.1701e+10,-2.1701e+10
34017,-2.1701e+10,-2.0489e+10,-2.1701e+10,-2.1701e+10,-2.1701e+10
35045,-2.1701e+10,-2.0489e+10,-2.1701e+10,-2.1701e+10,-2.1701e+10
35045,-2.1701e+10,-2.0489e+10,-2.1701e+10,-2.1701e+10,-2.1701e+10
36061,-2.1701e+10,-2.0489e+10,-2.1701e+10,-2.1701e+10,-2.1701e+10
36061,-2.1701e+10,-2.0489e+10,-2.1701e+10,-2.1701e+10,-2.1701e+10
36061,-2.1701e+10,-2.0489e+10,-2.1701e+10,-2.1701e+10,-2.1701e+10
36075,-2.1701e+10,-2.0489e+10,-2.1701e+10,-2.1701e+10,-2.1701e+10
36075,-2.1701e+10,-2.0489e+10,-2.1701e+10,-2.1701e+10,-2.1701e+10
36075,-2.1701e+10,-2.0489e+10,-2.1701e+10,-2.1701e+10,-2.1701e+10
36075,-2.1701e+10,-2.0489e+10,-2.1701e+10,-2.1701e+10,-2.1701e+10
36081,-2.1701e+10,-2.0489e+10,-2.1701e+10,-2.1701e+10,-2.1701e+10
36085,-2.1701e+10,-2.0489e+10,-2.1701e+10,-2.1701e+10,-2.1701e+10
36085,-2.1701e+10,-2.0489e+10,-2.1701e+10,-2.1701e+10,-2.1701e+10
37045,-2.1701e+10,-2.0489e+10,-2.1701e+10,-2.1701e+10,-2.1701e+10
37129,-2.1701e+10,-2.0489e+10,-2.1701e+10,-2.1701e+10,-2.1701e+10
37145,-2.1701e+10,-2.0489e+10,-2.1701e+10,-2.1701e+10,-2.1701e+10
37145,-2.1701e+10,-2.0489e+10,-2.1701e+10,-2.1701e+10,-2.1701e+10
37145,-2.1701e+10,-2.0489e+10,-2.1701e+10,-2.1701e+10,-2.1701e+10
37169,-2.1701e+10,-2.0489e+10,-2.1701e+10,-2.1701e+10,-2.1701e+10
37169,-2.1701e+10,-2.0489e+10,-2.1701e+10,-2.1701e+10,-2.1701e+10
38055,-2.1701e+10,-2.0489e+10,-2.1701e+10,-2.1701e+10,-2.1701e+10
38055,-2.1701e+10,-2.0489e+10,-2.1701e+10,-2.1701e+10,-2.1701e+10
38057,-2.1701e+10,-2.0489e+10,-2.1701e+10,-2.1701e+10,-2.1701e+10
38057,-2.1701e+10,-2.0489e+10,-2.1701e+10,-2.1701e+10,-2.1701e+10
38057,-2.1701e+10,-2.0489e+10,-2.1701e+10,-2.1701e+10,-2.1701e+10
38057,-2.1701e+10,-2.0489e+10,-2.1701e+10,-2.1701e+10,-2.1701e+10
39001,-2.1701e+10,-2.0489e+10,-2.1701e+10,-2.1701e+10,-2.1701e+10
39001,-2.1701e+10,-2.0489e+10,-2.1701e+10,-2.1701e+10,-2.1701e+10
39001,-2.1701e+10,-2.0489e+10,-2.1701e+10,-2.1701e+10,-2.1701e+10
39001,-2.1701e+10,-2.0489e+10,-2.1701e+10,-2.1701e+10,-2.1701e+10
39001,-2.1701e+10,-2.0489e+10,-2.1701e+10,-2.1701e+10,-2.1701e+10
39007,-2.1701e+10,-2.0489e+10,-2.1701e+10,-2.1701e+10,-2.1701e+10
39007,-2.1701e+10,-2.0489e+10,-2.1701e+10,-2.1701e+10,-2.1701e+10
39007,-2.1701e+10,-2.0489e+10,-2.1701e+10,-2.1701e+10,-2.1701e+10
39007,-2.1701e+10,-2.0489e+10,-2.1701e+10,-2.1701e+10,-2.1701e+10
39013,-2.1701e+10,-2.0489e+10,-2.1701e+10,-2.1701e+10,-2.1701e+10
39013,-2.1701e+10,-2.0489e+10,-2.1701e+10,-2.1701e+10,-2.1701e+10
39013,-2.1701e+10,-2.0489e+10,-2.1701e+10,-2.1701e+10,-2.1701e+10
39013,-2.1701e+10,-2.0489e+10,-2.1701e+10,-2.1701e+10,-2.1701e+10
39013,-2.1701e+10,-2.0489e+10,-2.1701e+10,-2.1701e+10,-2.1701e+10
39013,-2.1701e+10,-2.0489e+10,-2.1701e+10,-2.1701e+10,-2.1701e+10
39013,-2.1701e+10,-2.0489e+10,-2.1701e+10,-2.1701e+10,-2.1701e+10
39013,-2.1701e+10,-2.0489e+10,-2.1701e+10,-2.1701e+10,-2.1701e+10
39025,-2.1701e+10,-2.0489e+10,-2.1701e+10,-2.1701e+10,-2.1701e+10
39025,-2.1701e+10,-2.0489e+10,-2.1701e+10,-2.1701e+10,-2.1701e+10
39025,-2.1701e+10,-2.0489e+10,-2.1701e+10,-2.1701e+10,-2.1701e+10
39025,-2.1701e+10,-2.0489e+10,-2.1701e+10,-2.1701e+10,-2.1701e+10
39025,-2.1701e+10,-2.0489e+10,-2.1701e+10,-2.1701e+10,-2.1701e+10
39025,-2.1701e+10,-2.0489e+10,-2.1701e+10,-2.1701e+10,-2.1701e+10
39031,-2.1701e+10,-2.0489e+10,-2.1701e+10,-2.1701e+10,-2.1701e+10
39031,-2.1701e+10,-2.0489e+10,-2.1701e+10,-2.1701e+10,-2.1701e+10
39031,-2.1701e+10,-2.0489e+10,-2.1701e+10,-2.1701e+10,-2.1701e+10
39053,-2.1701e+10,-2.0489e+10,-2.1701e+10,-2.1701e+10,-2.1701e+10
39053,-2.1701e+10,-2.0489e+10,-2.1701e+10,-2.1701e+10,-2.1701e+10
39053,-2.1701e+10,-2.0489e+10,-2.1701e+10,-2.1701e+10,-2.1701e+10
39053,-2.1701e+10,-2.0489e+10,-2.1701e+10,-2.1701e+10,-2.1701e+10
39053,-2.1701e+10,-2.0489e+10,-2.1701e+10,-2.1701e+10,-2.1701e+10
39053,-2.1701e+10,-2.0489e+10,-2.1701e+10,-2.1701e+10,-2.1701e+10
39053,-2.1701e+10,-2.0489e+10,-2.1701e+10,-2.1701e+10,-2.1701e+10
39061,-2.1701e+10,-2.0489e+10,-2.1701e+10,-2.1701e+10,-2.1701e+10
39061,-2.1701e+10,-2.0489e+10,-2.1701e+10,-2.1701e+10,-2.1701e+10
39061,-2.1701e+10,-2.0489e+10,-2.1701e+10,-2.1701e+10,-2.1701e+10
39061,-2.1701e+10,-2.0489e+10,-2.1701e+10,-2.1701e+10,-2.1701e+10
39081,-2.1701e+10,-2.0489e+10,-2.1701e+10,-2.1701e+10,-2.1701e+10
39081,-2.1701e+10,-2.0489e+10,-2.1701e+10,-2.1701e+10,-2.1701e+10
39081,-2.1701e+10,-2.0489e+10,-2.1701e+10,-2.1701e+10,-2.1701e+10
39081,-2.1701e+10,-2.0489e+10,-2.1701e+10,-2.1701e+10,-2.1701e+10
39081,-2.1701e+10,-2.0489e+10,-2.1701e+10,-2.1701e+10,-2.1701e+10
39081,-2.1701e+10,-2.0489e+10,-2.1701e+10,-2.1701e+10,-2.1701e+10
39085,-2.1701e+10,-2.0489e+10,-2.1701e+10,-2.1701e+10,-2.1701e+10
39093,-2.1701e+10,-2.0489e+10,-2.1701e+10,-2.1701e+10,-2.1701e+10
39095,-2.1701e+10,-2.0489e+10,-2.1701e+10,-2.1701e+10,-2.1701e+10
39095,-2.1701e+10,-2.0489e+10,-2.1701e+10,-2.1701e+10,-2.1701e+10
39095,-2.1701e+10,-2.0489e+10,-2.1701e+10,-2.1701e+10,-2.1701e+10
39095,-2.1701e+10,-2.0489e+10,-2.1701e+10,-2.1701e+10,-2.1701e+10
39167,-2.1701e+10,-2.0489e+10,-2.1701e+10,-2.1701e+10,-2.1701e+10
39167,-2.1701e+10,-2.0489e+10,-2.1701e+10,-2.1701e+10,-2.1701e+10
39167,-2.1701e+10,-2.0489e+10,-2.1701e+10,-2.1701e+10,-2.1701e+10
39167,-2.1701e+10,-2.0489e+10,-2.1701e+10,-2.1701e+10,-2.1701e+10
39167,-2.1701e+10,-2.0489e+10,-2.1701e+10,-2.1701e+10,-2.1701e+10
40023,-2.1701e+10,-2.0489e+10,-2.1701e+10,-2.1701e+10,-2.1701e+10
40097,-2.1701e+10,-2.0489e+10,-2.1701e+10,-2.1701e+10,-2.1701e+10
40101,-2.1701e+10,-2.0489e+10,-2.1701e+10,-2.1701e+10,-2.1701e+10
40103,-2.1701e+10,-2.0489e+10,-2.1701e+10,-2.1701e+10,-2.1701e+10
40103,-2.1701e+10,-2.0489e+10,-2.1701e+10,-2.1701e+10,-2.1701e+10
40131,-2.1701e+10,-2.0489e+10,-2.1701e+10,-2.1701e+10,-2.1701e+10
40131,-2.1701e+10,-2.0489e+10,-2.1701e+10,-2.1701e+10,-2.1701e+10
41049,-2.1701e+10,-2.0489e+10,-2.1701e+10,-2.1701e+10,-2.1701e+10
42003,-2.1701e+10,-2.0489e+10,-2.1701e+10,-2.1701e+10,-2.1701e+10
42005,-2.1701e+10,-2.0489e+10,-2.1701e+10,-2.1701e+10,-2.1701e+10
42005,-2.1701e+10,-2.0489e+10,-2.1701e+10,-2.1701e+10,-2.1701e+10
42005,-2.1701e+10,-2.0489e+10,-2.1701e+10,-2.1701e+10,-2.1701e+10
42005,-2.1701e+10,-2.0489e+10,-2.1701e+10,-2.1701e+10,-2.1701e+10
42033,-2.1701e+10,-2.0489e+10,-2.1701e+10,-2.1701e+10,-2.1701e+10
42033,-2.1701e+10,-2.0489e+10,-2.1701e+10,-2.1701e+10,-2.1701e+10
42045,-2.1701e+10,-2.0489e+10,-2.1701e+10,-2.1701e+10,-2.1701e+10
42045,-2.1701e+10,-2.0489e+10,-2.1701e+10,-2.1701e+10,-2.1701e+10
42059,-2.1701e+10,-2.0489e+10,-2.1701e+10,-2.1701e+10,-2.1701e+10
42059,-2.1701e+10,-2.0489e+10,-2.1701e+10,-2.1701e+10,-2.1701e+10
42059,-2.1701e+10,-2.0489e+10,-2.1701e+10,-2.1701e+10,-2.1701e+10
42063,-2.1701e+10,-2.0489e+10,-2.1701e+10,-2.1701e+10,-2.1701e+10
42063,-2.1701e+10,-2.0489e+10,-2.1701e+10,-2.1701e+10,-2.1701e+10
42063,-2.1701e+10,-2.0489e+10,-2.1701e+10,-2.1701e+10,-2.1701e+10
42063,-2.1701e+10,-2.0489e+10,-2.1701e+10,-2.1701e+10,-2.1701e+10
42063,-2.1701e+10,-2.0489e+10,-2.1701e+10,-2.1701e+10,-2.1701e+10
42063,-2.1701e+10,-2.0489e+10,-2.1701e+10,-2.1701e+10,-2.1701e+10
42063,-2.1701e+10,-2.0489e+10,-2.1701e+10,-2.1701e+10,-2.1701e+10
42063,-2.1701e+10,-2.0489e+10,-2.1701e+10,-2.1701e+10,-2.1701e+10
42083,-2.1701e+10,-2.0489e+10,-2.1701e+10,-2.1701e+10,-2.1701e+10
42093,-2.1701e+10,-2.0489e+10,-2.1701e+10,-2.1701e+10,-2.1701e+10
42093,-2.1701e+10,-2.0489e+10,-2.1701e+10,-2.1701e+10,-2.1701e+10
42095,-2.1701e+10,-2.0489e+10,-2.1701e+10,-2.1701e+10,-2.1701e+10
42095,-2.1701e+10,-2.0489e+10,-2.1701e+10,-2.1701e+10,-2.1701e+10
42095,-2.1701e+10,-2.0489e+10,-2.1701e+10,-2.1701e+10,-2.1701e+10
42095,-2.1701e+10,-2.0489e+10,-2.1701e+10,-2.1701e+10,-2.1701e+10
42133,-2.1701e+10,-2.0489e+10,-2.1701e+10,-2.1701e+10,-2.1701e+10
42133,-2.1701e+10,-2.0489e+10,-2.1701e+10,-2.1701e+10,-2.1701e+10
42133,-2.1701e+10,-2.0489e+10,-2.1701e+10,-2.1701e+10,-2.1701e+10
45015,-2.1701e+10,-2.0489e+10,-2.1701e+10,-2.1701e+10,-2.1701e+10
46051,-2.1701e+10,-2.0489e+10,-2.1701e+10,-2.1701e+10,-2.1701e+10
47001,-2.1701e+10,-2.0489e+10,-2.1701e+10,-2.1701e+10,-2.1701e+10
47011,-2.1701e+10,-2.0489e+10,-2.1701e+10,-2.1701e+10,-2.1701e+10
47073,-2.1701e+10,-2.0489e+10,-2.1701e+10,-2.1701e+10,-2.1701e+10
47085,-2.1701e+10,-2.0489e+10,-2.1701e+10,-2.1701e+10,-2.1701e+10
47085,-2.1701e+10,-2.0489e+10,-2.1701e+10,-2.1701e+10,-2.1701e+10
47085,-2.1701e+10,-2.0489e+10,-2.1701e+10,-2.1701e+10,-2.1701e+10
47085,-2.1701e+10,-2.0489e+10,-2.1701e+10,-2.1701e+10,-2.1701e+10
47085,-2.1701e+10,-2.0489e+10,-2.1701e+10,-2.1701e+10,-2.1701e+10
47085,-2.1701e+10,-2.0489e+10,-2.1701e+10,-2.1701e+10,-2.1701e+10
47085,-2.1701e+10,-2.0489e+10,-2.1701e+10,-2.1701e+10,-2.1701e+10
47085,-2.1701e+10,-2.0489e+10,-2.1701e+10,-2.1701e+10,-2.1701e+10
47085,-2.1701e+10,-2.0489e+10,-2.1701e+10,-2.1701e+10,-2.1701e+10
47085,-2.1701e+10,-2.0489e+10,-2.1701e+10,-2.1701e+10,-2.1701e+10
47085,-2.1701e+10,-2.0489e+10,-2.1701e+10,-2.1701e+10,-2.1701e+10
47085,-2.1701e+10,-2.0489e+10,-2.1701e+10,-2.1701e+10,-2.1701e+10
47085,-2.1701e+10,-2.0489e+10,-2.1701e+10,-2.1701e+10,-2.1701e+10
47085,-2.1701e+10,-2.0489e+10,-2.1701e+10,-2.1701e+10,-2.1701e+10
47085,-2.1701e+10,-2.0489e+10,-2.1701e+10,-2.1701e+10,-2.1701e+10
47085,-2.1701e+10,-2.0489e+10,-2.1701e+10,-2.1701e+10,-2.1701e+10
47085,-2.1701e+10,-2.0489e+10,-2.1701e+10,-2.1701e+10,-2.1701e+10
47085,-2.1701e+10,-2.0489e+10,-2.1701e+10,-2.1701e+10,-2.1701e+10
47085,-2.1701e+10,-2.0489e+10,-2.1701e+10,-2.1701e+10,-2.1701e+10
47085,-2.1701e+10,-2.0489e+10,-2.1701e+10,-2.1701e+10,-2.1701e+10
47085,-2.1701e+10,-2.0489e+10,-2.1701e+10,-2.1701e+10,-2.1701e+10
47085,-2.1701e+10,-2.0489e+10,-2.1701e+10,-2.1701e+10,-2.1701e+10
47085,-2.1701e+10,-2.0489e+10,-2.1701e+10,-2.1701e+10,-2.1701e+10
47085,-2.1701e+10,-2.0489e+10,-2.1701e+10,-2.1701e+10,-2.1701e+10
47085,-2.1701e+10,-2.0489e+10,-2.1701e+10,-2.1701e+10,-2.1701e+10
47085,-2.1701e+10,-2.0489e+10,-2.1701e+10,-2.1701e+10,-2.1701e+10
47145,-2.1701e+10,-2.0489e+10,-2.1701e+10,-2.1701e+10,-2.1701e+10
47145,-2.1701e+10,-2.0489e+10,-2.1701e+10,-2.1701e+10,-2.1701e+10
47145,-2.1701e+10,-2.0489e+10,-2.1701e+10,-2.1701e+10,-2.1701e+10
47145,-2.1701e+10,-2.0489e+10,-2.1701e+10,-2.1701e+10,-2.1701e+10
47145,-2.1701e+10,-2.0489e+10,-2.1701e+10,-2.1701e+10,-2.1701e+10
47145,-2.1701e+10,-2.0489e+10,-2.1701e+10,-2.1701e+10,-2.1701e+10
47145,-2.1701e+10,-2.0489e+10,-2.1701e+10,-2.1701e+10,-2.1701e+10
47145,-2.1701e+10,-2.0489e+10,-2.1701e+10,-2.1701e+10,-2.1701e+10
47145,-2.1701e+10,-2.0489e+10,-2.1701e+10,-2.1701e+10,-2.1701e+10
47161,-2.1701e+10,-2.0489e+10,-2.1701e+10,-2.1701e+10,-2.1701e+10
47161,-2.1701e+10,-2.0489e+10,-2.1701e+10,-2.1701e+10,-2.1701e+10
47165,-2.1701e+10,-2.0489e+10,-2.1701e+10,-2.1701e+10,-2.1701e+10
47165,-2.1701e+10,-2.0489e+10,-2.1701e+10,-2.1701e+10,-2.1701e+10
47165,-2.1701e+10,-2.0489e+10,-2.1701e+10,-2.1701e+10,-2.1701e+10
47165,-2.1701e+10,-2.0489e+10,-2.1701e+10,-2.1701e+10,-2.1701e+10
48029,-2.1701e+10,-2.0489e+10,-2.1701e+10,-2.1701e+10,-2.1701e+10
48029,-2.1701e+10,-2.0489e+10,-2.1701e+10,-2.1701e+10,-2.1701e+10
48061,-2.1701e+10,-2.0489e+10,-2.1701e+10,-2.1701e+10,-2.1701e+10
48113,-2.1701e+10,-2.0489e+10,-2.1701e+10,-2.1701e+10,-2.1701e+10
48113,-2.1701e+10,-2.0489e+10,-2.1701e+10,-2.1701e+10,-2.1701e+10
48141,-2.1701e+10,-2.0489e+10,-2.1701e+10,-2.1701e+10,-2.1701e+10
48147,-2.1701e+10,-2.0489e+10,-2.1701e+10,-2.1701e+10,-2.1701e+10
48149,-2.1701e+10,-2.0489e+10,-2.1701e+10,-2.1701e+10,-2.1701e+10
48149,-2.1701e+10,-2.0489e+10,-2.1701e+10,-2.1701e+10,-2.1701e+10
48149,-2.1701e+10,-2.0489e+10,-2.1701e+10,-2.1701e+10,-2.1701e+10
48157,-2.1701e+10,-2.0489e+10,-2.1701e+10,-2.1701e+10,-2.1701e+10
48157,-2.1701e+10,-2.0489e+10,-2.1701e+10,-2.1701e+10,-2.1701e+10
48157,-2.1701e+10,-2.0489e+10,-2.1701e+10,-2.1701e+10,-2.1701e+10
48161,-2.1701e+10,-2.0489e+10,-2.1701e+10,-2.1701e+10,-2.1701e+10
48161,-2.1701e+10,-2.0489e+10,-2.1701e+10,-2.1701e+10,-2.1701e+10
48175,-2.1701e+10,-2.0489e+10,-2.1701e+10,-2.1701e+10,-2.1701e+10
48201,-2.1701e+10,-2.0489e+10,-2.1701e+10,-2.1701e+10,-2.1701e+10
48201,-2.1701e+10,-2.0489e+10,-2.1701e+10,-2.1701e+10,-2.1701e+10
48201,-2.1701e+10,-2.0489e+10,-2.1701e+10,-2.1701e+10,-2.1701e+10
48201,-2.1701e+10,-2.0489e+10,-2.1701e+10,-2.1701e+10,-2.1701e+10
48201,-2.1701e+10,-2.0489e+10,-2.1701e+10,-2.1701e+10,-2.1701e+10
48201,-2.1701e+10,-2.0489e+10,-2.1701e+10,-2.1701e+10,-2.1701e+10
48201,-2.1701e+10,-2.0489e+10,-2.1701e+10,-2.1701e+10,-2.1701e+10
48201,-2.1701e+10,-2.0489e+10,-2.1701e+10,-2.1701e+10,-2.1701e+10
48201,-2.1701e+10,-2.0489e+10,-2.1701e+10,-2.1701e+10,-2.1701e+10
48201,-2.1701e+10,-2.0489e+10,-2.1701e+10,-2.1701e+10,-2.1701e+10
48201,-2.1701e+10,-2.0489e+10,-2.1701e+10,-2.1701e+10,-2.1701e+10
48201,-2.1701e+10,-2.0489e+10,-2.1701e+10,-2.1701e+10,-2.1701e+10
48221,-2.1701e+10,-2.0489e+10,-2.1701e+10,-2.1701e+10,-2.1701e+10
48221,-2.1701e+10,-2.0489e+10,-2.1701e+10,-2.1701e+10,-2.1701e+10
48279,-2.1701e+10,-2.0489e+10,-2.1701e+10,-2.1701e+10,-2.1701e+10
48279,-2.1701e+10,-2.0489e+10,-2.1701e+10,-2.1701e+10,-2.1701e+10
48293,-2.1701e+10,-2.0489e+10,-2.1701e+10,-2.1701e+10,-2.1701e+10
48293,-2.1701e+10,-2.0489e+10,-2.1701e+10,-2.1701e+10,-2.1701e+10
48309,-2.1701e+10,-2.0489e+10,-2.1701e+10,-2.1701e+10,-2.1701e+10
48375,-2.1701e+10,-2.0489e+10,-2.1701e+10,-2.1701e+10,-2.1701e+10
48375,-2.1701e+10,-2.0489e+10,-2.1701e+10,-2.1701e+10,-2.1701e+10
48375,-2.1701e+10,-2.0489e+10,-2.1701e+10,-2.1701e+10,-2.1701e+10
48375,-2.1701e+10,-2.0489e+10,-2.1701e+10,-2.1701e+10,-2.1701e+10
48401,-2.1701e+10,-2.0489e+10,-2.1701e+10,-2.1701e+10,-2.1701e+10
48401,-2.1701e+10,-2.0489e+10,-2.1701e+10,-2.1701e+10,-2.1701e+10
48401,-2.1701e+10,-2.0489e+10,-2.1701e+10,-2.1701e+10,-2.1701e+10
48439,-2.1701e+10,-2.0489e+10,-2.1701e+10,-2.1701e+10,-2.1701e+10
48439,-2.1701e+10,-2.0489e+10,-2.1701e+10,-2.1701e+10,-2.1701e+10
48439,-2.1701e+10,-2.0489e+10,-2.1701e+10,-2.1701e+10,-2.1701e+10
48449,-2.1701e+10,-2.0489e+10,-2.1701e+10,-2.1701e+10,-2.1701e+10
48449,-2.1701e+10,-2.0489e+10,-2.1701e+10,-2.1701e+10,-2.1701e+10
48449,-2.1701e+10,-2.0489e+10,-2.1701e+10,-2.1701e+10,-2.1701e+10
49015,-2.1701e+10,-2.0489e+10,-2.1701e+10,-2.1701e+10,-2.1701e+10
49027,-2.1701e+10,-2.0489e+10,-2.1701e+10,-2.1701e+10,-2.1701e+10
49027,-2.1701e+10,-2.0489e+10,-2.1701e+10,-2.1701e+10,-2.1701e+10
49035,-2.1701e+10,-2.0489e+10,-2.1701e+10,-2.1701e+10,-2.1701e+10
51041,-2.1701e+10,-2.0489e+10,-2.1701e+10,-2.1701e+10,-2.1701e+10
51153,-2.1701e+10,-2.0489e+10,-2.1701e+10,-2.1701e+10,-2.1701e+10
51167,-2.1701e+10,-2.0489e+10,-2.1701e+10,-2.1701e+10,-2.1701e+10
51167,-2.1701e+10,-2.0489e+10,-2.1701e+10,-2.1701e+10,-2.1701e+10
51199,-2.1701e+10,-2.0489e+10,-2.1701e+10,-2.1701e+10,-2.1701e+10
53041,-2.1701e+10,-2.0489e+10,-2.1701e+10,-2.1701e+10,-2.1701e+10
53041,-2.1701e+10,-2.0489e+10,-2.1701e+10,-2.1701e+10,-2.1701e+10
53041,-2.1701e+10,-2.0489e+10,-2.1701e+10,-2.1701e+10,-2.1701e+10
53041,-2.1701e+10,-2.0489e+10,-2.1701e+10,-2.1701e+10,-2.1701e+10
53041,-2.1701e+10,-2.0489e+10,-2.1701e+10,-2.1701e+10,-2.1701e+10
54023,-2.1701e+10,-2.0489e+10,-2.1701e+10,-2.1701e+10,-2.1701e+10
54023,-2.1701e+10,-2.0489e+10,-2.1701e+10,-2.1701e+10,-2.1701e+10
54023,-2.1701e+10,-2.0489e+10,-2.1701e+10,-2.1701e+10,-2.1701e+10
54033,-2.1701e+10,-2.0489e+10,-2.1701e+10,-2.1701e+10,-2.1701e+10
54033,-2.1701e+10,-2.0489e+10,-2.1701e+10,-2.1701e+10,-2.1701e+10
54033,-2.1701e+10,-2.0489e+10,-2.1701e+10,-2.1701e+10,-2.1701e+10
54051,-2.1701e+10,-2.0489e+10,-2.1701e+10,-2.1701e+10,-2.1701e+10
54051,-2.1701e+10,-2.0489e+10,-2.1701e+10,-2.1701e+10,-2.1701e+10
54051,-2.1701e+10,-2.0489e+10,-2.1701e+10,-2.1701e+10,-2.1701e+10
54051,-2.1701e+10,-2.0489e+10,-2.1701e+10,-2.1701e+10,-2.1701e+10
54051,-2.1701e+10,-2.0489e+10,-2.1701e+10,-2.1701e+10,-2.1701e+10
54053,-2.1701e+10,-2.0489e+10,-2.1701e+10,-2.1701e+10,-2.1701e+10
54053,-2.1701e+10,-2.0489e+10,-2.1701e+10,-2.1701e+10,-2.1701e+10
54053,-2.1701e+10,-2.0489e+10,-2.1701e+10,-2.1701e+10,-2.1701e+10
54053,-2.1701e+10,-2.0489e+10,-2.1701e+10,-2.1701e+10,-2.1701e+10
54053,-2.1701e+10,-2.0489e+10,-2.1701e+10,-2.1701e+10,-2.1701e+10
54053,-2.1701e+10,-2.0489e+10,-2.1701e+10,-2.1701e+10,-2.1701e+10
54061,-2.1701e+10,-2.0489e+10,-2.1701e+10,-2.1701e+10,-2.1701e+10
54061,-2.1701e+10,-2.0489e+10,-2.1701e+10,-2.1701e+10,-2.1701e+10
54073,-2.1701e+10,-2.0489e+10,-2.1701e+10,-2.1701e+10,-2.1701e+10
54073,-2.1701e+10,-2.0489e+10,-2.1701e+10,-2.1701e+10,-2.1701e+10
54079,-2.1701e+10,-2.0489e+10,-2.1701e+10,-2.1701e+10,-2.1701e+10
54079,-2.1701e+10,-2.0489e+10,-2.1701e+10,-2.1701e+10,-2.1701e+10
54079,-2.1701e+10,-2.0489e+10,-2.1701e+10,-2.1701e+10,-2.1701e+10
54107,-2.1701e+10,-2.0489e+10,-2.1701e+10,-2.1701e+10,-2.1701e+10
54107,-2.1701e+10,-2.0489e+10,-2.1701e+10,-2.1701e+10,-2.1701e+10
54107,-2.1701e+10,-2.0489e+10,-2.1701e+10,-2.1701e+10,-2.1701e+10
55011,-2.1701e+10,-2.0489e+10,-2.1701e+10,-2.1701e+10,-2.1701e+10
55011,-2.1701e+10,-2.0489e+10,-2.1701e+10,-2.1701e+10,-2.1701e+10
55011,-2.1701e+10,-2.0489e+10,-2.1701e+10,-2.1701e+10,-2.1701e+10
55011,-2.1701e+10,-2.0489e+10,-2.1701e+10,-2.1701e+10,-2.1701e+10
55011,-2.1701e+10,-2.0489e+10,-2.1701e+10,-2.1701e+10,-2.1701e+10
55011,-2.1701e+10,-2.0489e+10,-2.1701e+10,-2.1701e+10,-2.1701e+10
55021,-2.1701e+10,-2.0489e+10,-2.1701e+10,-2.1701e+10,-2.1701e+10
55021,-2.1701e+10,-2.0489e+10,-2.1701e+10,-2.1701e+10,-2.1701e+10
55073,-2.1701e+10,-2.0489e+10,-2.1701e+10,-2.1701e+10,-2.1701e+10
55087,-2.1701e+10,-2.0489e+10,-2.1701e+10,-2.1701e+10,-2.1701e+10
55089,-2.1701e+10,-2.0489e+10,-2.1701e+10,-2.1701e+10,-2.1701e+10
55089,-2.1701e+10,-2.0489e+10,-2.1701e+10,-2.1701e+10,-2.1701e+10
55089,-2.1701e+10,-2.0489e+10,-2.1701e+10,-2.1701e+10,-2.1701e+10
55117,-2.1701e+10,-2.0489e+10,-2.1701e+10,-2.1701e+10,-2.1701e+10
55117,-2.1701e+10,-2.0489e+10,-2.1701e+10,-2.1701e+10,-2.1701e+10
55117,-2.1701e+10,-2.0489e+10,-2.1701e+10,-2.1701e+10,-2.1701e+10
55123,-2.1701e+10,-2.0489e+10,-2.1701e+10,-2.1701e+10,-2.1701e+10
56031,-2.1701e+10,-2.0489e+10,-2.1701e+10,-2.1701e+10,-2.1701e+10
