1033,12.10492189,261.9616195,217.4398137,9.314516066,813.6737316,117.363008,0
1033,12.10492189,261.9616195,217.4398137,9.314516066,813.6737316,117.363008,0
1033,12.10492189,261.9616195,217.4398137,9.314516066,813.6737316,117.363008,0
1033,12.10492189,261.9616195,217.4398137,9.314516066,813.6737316,117.363008,0
1033,12.10492189,261.9616195,217.4398137,9.314516066,813.6737316,117.363008,0
1063,62.07733561,3266.67876,508.3019177,37.35422045,2089.510815,746.0651875,0
1063,62.07733561,3266.67876,508.3019177,37.35422045,2089.510815,746.0651875,0
1071,21.11390362,451.6140236,363.3312452,16.56293284,2764.509421,207.1201978,0
1071,21.11390362,451.6140236,363.3312452,16.56293284,2764.509421,207.1201978,0
1071,21.11390362,451.6140236,363.3312452,16.56293284,2764.509421,207.1201978,0
1071,21.11390362,451.6140236,363.3312452,16.56293284,2764.509421,207.1201978,0
1071,21.11390362,451.6140236,363.3312452,16.56293284,2764.509421,207.1201978,0
1071,21.11390362,451.6140236,363.3312452,16.56293284,2764.509421,207.1201978,0
1073,82.09803318,1767.263074,1163.810336,69.05126883,5208.950934,898.6379081,0
1073,82.09803318,1767.263074,1163.810336,69.05126883,5208.950934,898.6379081,0
1073,82.09803318,1767.263074,1163.810336,69.05126883,5208.950934,898.6379081,0
1073,82.09803318,1767.263074,1163.810336,69.05126883,5208.950934,898.6379081,0
1097,96.51751719,778.8527576,546.0797432,35.76476815,1324.706949,705.6066986,0
1097,96.51751719,778.8527576,546.0797432,35.76476815,1324.706949,705.6066986,0
1097,96.51751719,778.8527576,546.0797432,35.76476815,1324.706949,705.6066986,0
1097,96.51751719,778.8527576,546.0797432,35.76476815,1324.706949,705.6066986,0
1097,96.51751719,778.8527576,546.0797432,35.76476815,1324.706949,705.6066986,0
1117,28.00295206,2448.064099,464.7914515,20.61506414,2618.178469,245.6223574,0
1117,28.00295206,2448.064099,464.7914515,20.61506414,2618.178469,245.6223574,0
1117,28.00295206,2448.064099,464.7914515,20.61506414,2618.178469,245.6223574,0
1117,28.00295206,2448.064099,464.7914515,20.61506414,2618.178469,245.6223574,0
1117,28.00295206,2448.064099,464.7914515,20.61506414,2618.178469,245.6223574,0
1127,79.41200433,122.3756077,536.4718767,48.99875363,53.367219,1141.547884,0
1127,79.41200433,122.3756077,536.4718767,48.99875363,53.367219,1141.547884,0
1127,79.41200433,122.3756077,536.4718767,48.99875363,53.367219,1141.547884,0
4005,447.637635,321.6882073,2733.681159,240.5344679,189.2592547,6434.798911,0
4005,447.637635,321.6882073,2733.681159,240.5344679,189.2592547,6434.798911,0
4005,447.637635,321.6882073,2733.681159,240.5344679,189.2592547,6434.798911,0
4013,257.6450994,1139.838158,102.0780716,23.51710198,12.466472,178.2767014,0
4013,257.6450994,1139.838158,102.0780716,23.51710198,12.466472,178.2767014,0
4017,84.648525,73.015269,526.745471,114.4896093,39.555971,1216.82249,0
5007,190.650454,5363.436351,1414.252771,99.1118672,5603.076897,2306.60384,0
5063,187.9967274,6805.661754,1140.017791,88.21551753,4994.000721,2104.302614,0
5063,187.9967274,6805.661754,1140.017791,88.21551753,4994.000721,2104.302614,0
5069,119.6850408,9336.770721,711.7881582,48.06296011,5582.04063,914.8422079,0
5069,119.6850408,9336.770721,711.7881582,48.06296011,5582.04063,914.8422079,0
5121,320.3000461,244.4556694,1968.148824,181.3658459,140.0713907,4604.313023,0
6053,203.6063651,962.8285008,681.7953492,59.9885331,68.648571,1463.40458,0
6053,203.6063651,962.8285008,681.7953492,59.9885331,68.648571,1463.40458,0
6073,193.5677591,505.5059359,1029.840417,93.36833759,104.0363112,2132.342166,0
6073,193.5677591,505.5059359,1029.840417,93.36833759,104.0363112,2132.342166,0
6073,193.5677591,505.5059359,1029.840417,93.36833759,104.0363112,2132.342166,0
6073,193.5677591,505.5059359,1029.840417,93.36833759,104.0363112,2132.342166,0
6073,193.5677591,505.5059359,1029.840417,93.36833759,104.0363112,2132.342166,0
8081,84.27015934,9790.99562,1649.759406,65.18096385,3184.894604,375.167211,0
8087,54.48166756,1531.215339,356.4232197,20.20243575,1544.52247,260.5453504,0
8101,52.32297854,2976.046051,479.5209965,17.4414555,2120.478081,206.5812256,0
8101,52.32297854,2976.046051,479.5209965,17.4414555,2120.478081,206.5812256,0
8107,193.9766694,1371.933222,1499.367222,112.193895,1666.124622,2498.856962,0
9007,109.1941263,262.2809285,7.38421948,2.685066935,2.2253614,35.45713082,0
9009,88.30255059,133.2711808,4.27250039,1.005553651,0,28.26758478,0
9011,4.63137276,45.76485208,0.676826,0.253214194,0.0398748,1.85222884,0
10003,26.16464628,221.5616551,172.5846378,26.46516109,34.9884486,307.0551452,0
10003,26.16464628,221.5616551,172.5846378,26.46516109,34.9884486,307.0551452,0
10003,26.16464628,221.5616551,172.5846378,26.46516109,34.9884486,307.0551452,0
10003,26.16464628,221.5616551,172.5846378,26.46516109,34.9884486,307.0551452,0
10003,26.16464628,221.5616551,172.5846378,26.46516109,34.9884486,307.0551452,0
10005,9.83796243,127.1924105,283.8902867,9.34589467,307.9123469,106.3702605,0
11001,0,48.197462,1.2305029,0.343764094,11.735423,0.07955164,0
12017,58.57025321,760.744627,611.0124015,33.33176327,1782.04278,504.0962574,0
12017,58.57025321,760.744627,611.0124015,33.33176327,1782.04278,504.0962574,0
12017,58.57025321,760.744627,611.0124015,33.33176327,1782.04278,504.0962574,0
12017,58.57025321,760.744627,611.0124015,33.33176327,1782.04278,504.0962574,0
12031,565.5562847,10898.56992,2448.632898,99.96498611,19058.30653,895.8641418,0
12033,80.92073763,3043.889829,3089.242476,88.87607685,3115.334727,661.4299899,0
12033,80.92073763,3043.889829,3089.242476,88.87607685,3115.334727,661.4299899,0
12057,217.0718247,2731.554594,1621.730321,86.65121944,6516.574967,1251.456263,0
12057,217.0718247,2731.554594,1621.730321,86.65121944,6516.574967,1251.456263,0
12071,234.4596374,851.74124,301.8078609,28.97614283,28.79084949,686.0236434,0
12081,189.4325614,551.9950764,544.6102374,51.91404476,54.86341906,1183.811115,0
12081,189.4325614,551.9950764,544.6102374,51.91404476,54.86341906,1183.811115,0
12085,252.5642301,2151.180381,426.3214525,35.30265943,516.3046186,784.546757,0
12085,252.5642301,2151.180381,426.3214525,35.30265943,516.3046186,784.546757,0
12101,114.3904083,715.0981707,603.4283251,56.42723419,54.72391973,1345.805363,0
12101,114.3904083,715.0981707,603.4283251,56.42723419,54.72391973,1345.805363,0
12121,52.75844299,73.65985056,350.4112331,31.92784499,33.14922117,758.4040804,0
12121,52.75844299,73.65985056,350.4112331,31.92784499,33.14922117,758.4040804,0
12121,52.75844299,73.65985056,350.4112331,31.92784499,33.14922117,758.4040804,0
13015,38.17821464,3052.567727,594.4371479,25.84365315,3223.903397,80.20363998,0
13015,38.17821464,3052.567727,594.4371479,25.84365315,3223.903397,80.20363998,0
13015,38.17821464,3052.567727,594.4371479,25.84365315,3223.903397,80.20363998,0
13015,38.17821464,3052.567727,594.4371479,25.84365315,3223.903397,80.20363998,0
13021,0.271036825,119.2278876,17.63811451,0.65319487,9.307807925,9.445584,0
13021,0.271036825,119.2278876,17.63811451,0.65319487,9.307807925,9.445584,0
13021,0.271036825,119.2278876,17.63811451,0.65319487,9.307807925,9.445584,0
13021,0.271036825,119.2278876,17.63811451,0.65319487,9.307807925,9.445584,0
13067,206.3774219,1610.758748,10.34228212,2.38029967,0.08314095,66.237611,0
13067,206.3774219,1610.758748,10.34228212,2.38029967,0.08314095,66.237611,0
13077,2.456895068,11.71749698,50.7736704,4.752254718,3.21286234,24.622662,0
13077,2.456895068,11.71749698,50.7736704,4.752254718,3.21286234,24.622662,0
13077,2.456895068,11.71749698,50.7736704,4.752254718,3.21286234,24.622662,0
13077,2.456895068,11.71749698,50.7736704,4.752254718,3.21286234,24.622662,0
13077,2.456895068,11.71749698,50.7736704,4.752254718,3.21286234,24.622662,0
13115,8.168055398,861.8663388,263.9654723,10.66362253,1310.494217,47.04864724,0
13115,8.168055398,861.8663388,263.9654723,10.66362253,1310.494217,47.04864724,0
13115,8.168055398,861.8663388,263.9654723,10.66362253,1310.494217,47.04864724,0
13115,8.168055398,861.8663388,263.9654723,10.66362253,1310.494217,47.04864724,0
13121,0.7023223,3.349544,13.004051,1.229074242,0.9184211,6.335547,0
13149,184.4581172,2341.297764,709.1201731,35.22712408,2855.156857,154.7241426,0
13149,184.4581172,2341.297764,709.1201731,35.22712408,2855.156857,154.7241426,0
13207,40.26114309,1934.469891,1195.14336,48.6777774,2485.555743,121.4382779,0
13207,40.26114309,1934.469891,1195.14336,48.6777774,2485.555743,121.4382779,0
13207,40.26114309,1934.469891,1195.14336,48.6777774,2485.555743,121.4382779,0
13207,40.26114309,1934.469891,1195.14336,48.6777774,2485.555743,121.4382779,0
13237,5.047583363,24.60243782,102.5081691,9.694572802,7.614195813,49.59227748,0
13237,5.047583363,24.60243782,102.5081691,9.694572802,7.614195813,49.59227748,0
13237,5.047583363,24.60243782,102.5081691,9.694572802,7.614195813,49.59227748,0
13237,5.047583363,24.60243782,102.5081691,9.694572802,7.614195813,49.59227748,0
17021,38.8242625,1469.003811,342.1862954,12.87602171,1864.569055,136.9516399,0
17021,38.8242625,1469.003811,342.1862954,12.87602171,1864.569055,136.9516399,0
17063,2.03587212,14.58203091,5.969659006,0.564624868,0.4779618,13.79772266,0
17063,2.03587212,14.58203091,5.969659006,0.564624868,0.4779618,13.79772266,0
17063,2.03587212,14.58203091,5.969659006,0.564624868,0.4779618,13.79772266,0
17063,2.03587212,14.58203091,5.969659006,0.564624868,0.4779618,13.79772266,0
17063,2.03587212,14.58203091,5.969659006,0.564624868,0.4779618,13.79772266,0
17079,1.0707905,1.0447935,6.758394,0.6260106,0.536939,15.3925985,0
17079,1.0707905,1.0447935,6.758394,0.6260106,0.536939,15.3925985,0
17125,57.34708338,1123.804766,542.5865579,22.71479405,1433.234214,322.0942387,0
17127,12.45120345,171.4174144,10.37593463,0.252135869,21.35253,5.748602665,0
17127,12.45120345,171.4174144,10.37593463,0.252135869,21.35253,5.748602665,0
17127,12.45120345,171.4174144,10.37593463,0.252135869,21.35253,5.748602665,0
17127,12.45120345,171.4174144,10.37593463,0.252135869,21.35253,5.748602665,0
17127,12.45120345,171.4174144,10.37593463,0.252135869,21.35253,5.748602665,0
17127,12.45120345,171.4174144,10.37593463,0.252135869,21.35253,5.748602665,0
17135,35.88283486,871.7617396,254.0701984,11.84953644,1033.907896,156.8111566,0
17135,35.88283486,871.7617396,254.0701984,11.84953644,1033.907896,156.8111566,0
17143,19.71979671,306.3869116,104.2436628,6.532983422,499.107277,122.8085351,0
17143,19.71979671,306.3869116,104.2436628,6.532983422,499.107277,122.8085351,0
17157,42.63690703,1218.646965,354.5142802,14.139186,1746.485738,148.3923449,0
17157,42.63690703,1218.646965,354.5142802,14.139186,1746.485738,148.3923449,0
17157,42.63690703,1218.646965,354.5142802,14.139186,1746.485738,148.3923449,0
17179,27.95099177,1641.828999,148.3967939,6.463540953,1161.914505,101.5296702,0
17179,27.95099177,1641.828999,148.3967939,6.463540953,1161.914505,101.5296702,0
17179,27.95099177,1641.828999,148.3967939,6.463540953,1161.914505,101.5296702,0
17179,27.95099177,1641.828999,148.3967939,6.463540953,1161.914505,101.5296702,0
17197,76.85610772,1692.899629,188.5310664,8.989007426,1744.867398,113.9087207,0
17197,76.85610772,1692.899629,188.5310664,8.989007426,1744.867398,113.9087207,0
17197,76.85610772,1692.899629,188.5310664,8.989007426,1744.867398,113.9087207,0
17197,76.85610772,1692.899629,188.5310664,8.989007426,1744.867398,113.9087207,0
17197,76.85610772,1692.899629,188.5310664,8.989007426,1744.867398,113.9087207,0
18029,16.48427899,25.82157348,15.84849222,1.564547803,1.013290819,40.46599388,0
18029,16.48427899,25.82157348,15.84849222,1.564547803,1.013290819,40.46599388,0
18029,16.48427899,25.82157348,15.84849222,1.564547803,1.013290819,40.46599388,0
18029,16.48427899,25.82157348,15.84849222,1.564547803,1.013290819,40.46599388,0
18051,39.34085176,4114.51243,1000.414936,33.04188793,6648.156747,81.25424927,0
18051,39.34085176,4114.51243,1000.414936,33.04188793,6648.156747,81.25424927,0
18051,39.34085176,4114.51243,1000.414936,33.04188793,6648.156747,81.25424927,0
18051,39.34085176,4114.51243,1000.414936,33.04188793,6648.156747,81.25424927,0
18073,25.94657986,2544.211793,508.1588569,23.05800124,1502.247237,85.37466168,0
18073,25.94657986,2544.211793,508.1588569,23.05800124,1502.247237,85.37466168,0
18077,9.1956175,8.436327833,57.61807567,13.10437333,4.449310833,132.1870008,0
18077,9.1956175,8.436327833,57.61807567,13.10437333,4.449310833,132.1870008,0
18077,9.1956175,8.436327833,57.61807567,13.10437333,4.449310833,132.1870008,0
18077,9.1956175,8.436327833,57.61807567,13.10437333,4.449310833,132.1870008,0
18077,9.1956175,8.436327833,57.61807567,13.10437333,4.449310833,132.1870008,0
18077,9.1956175,8.436327833,57.61807567,13.10437333,4.449310833,132.1870008,0
18089,7.46167899,725.0337284,18.76570565,10.92079878,1.637184,43.43531515,0
18091,38.73195688,1689.445473,232.7368736,13.18323831,1349.89419,250.3954169,0
18147,75.81885904,10439.79237,495.1957367,22.06480707,7672.705961,199.2422488,0
18147,75.81885904,10439.79237,495.1957367,22.06480707,7672.705961,199.2422488,0
18153,18.44087275,1127.782519,564.9144731,17.32819174,1395.064666,54.26368583,0
18153,18.44087275,1127.782519,564.9144731,17.32819174,1395.064666,54.26368583,0
18153,18.44087275,1127.782519,564.9144731,17.32819174,1395.064666,54.26368583,0
18165,25.73560819,1277.242153,369.606504,16.09839624,3353.604967,56.95724997,0
18165,25.73560819,1277.242153,369.606504,16.09839624,3353.604967,56.95724997,0
18167,18.0883611,152.8243652,25.24587249,1.358649917,348.9843097,14.85108107,0
18167,18.0883611,152.8243652,25.24587249,1.358649917,348.9843097,14.85108107,0
18167,18.0883611,152.8243652,25.24587249,1.358649917,348.9843097,14.85108107,0
18167,18.0883611,152.8243652,25.24587249,1.358649917,348.9843097,14.85108107,0
18167,18.0883611,152.8243652,25.24587249,1.358649917,348.9843097,14.85108107,0
18173,7.293846247,553.1157326,92.79260785,4.626640473,486.9091947,39.41249316,0
19115,37.63933267,37.88857971,238.4778378,44.18696516,19.22491733,541.0656818,0
19155,20.44923773,20.01809771,129.0325011,26.91104087,10.24062732,293.9583033,0
19179,42.23915177,27.94768266,254.9703104,46.05206141,17.13173569,604.0254991,0
19193,14.30700368,16.91058843,92.61774302,17.94612614,8.06462583,205.6636896,0
19193,14.30700368,16.91058843,92.61774302,17.94612614,8.06462583,205.6636896,0
20107,88.11494478,2049.771962,769.6287933,42.46210326,2045.774893,734.5550445,0
20107,88.11494478,2049.771962,769.6287933,42.46210326,2045.774893,734.5550445,0
20149,284.8450426,3295.929575,2105.763457,166.2291296,1914.866637,3475.859605,0
20149,284.8450426,3295.929575,2105.763457,166.2291296,1914.866637,3475.859605,0
20149,284.8450426,3295.929575,2105.763457,166.2291296,1914.866637,3475.859605,0
20155,83.60494499,120.6080554,555.9323253,51.40574953,52.870342,1201.553469,0
21015,44.25741577,2903.489539,1068.898815,38.56545334,1913.108679,269.8079996,0
21041,26.06446635,2247.38041,548.8916156,18.63752283,2499.231657,54.32022821,0
21041,26.06446635,2247.38041,548.8916156,18.63752283,2499.231657,54.32022821,0
21041,26.06446635,2247.38041,548.8916156,18.63752283,2499.231657,54.32022821,0
21041,26.06446635,2247.38041,548.8916156,18.63752283,2499.231657,54.32022821,0
21059,6.244765,8.6409625,41.4153405,3.83618427,3.900228,89.7685295,0
21059,6.244765,8.6409625,41.4153405,3.83618427,3.900228,89.7685295,0
21127,5.93982889,38.96370888,20.51076177,1.873972728,1.910576225,43.08407384,0
21127,5.93982889,38.96370888,20.51076177,1.873972728,1.910576225,43.08407384,0
21145,2.048915745,132.9390466,16.53068224,1.279503468,38.51262522,22.14636752,0
21145,2.048915745,132.9390466,16.53068224,1.279503468,38.51262522,22.14636752,0
21145,2.048915745,132.9390466,16.53068224,1.279503468,38.51262522,22.14636752,0
21145,2.048915745,132.9390466,16.53068224,1.279503468,38.51262522,22.14636752,0
21145,2.048915745,132.9390466,16.53068224,1.279503468,38.51262522,22.14636752,0
21145,2.048915745,132.9390466,16.53068224,1.279503468,38.51262522,22.14636752,0
21145,2.048915745,132.9390466,16.53068224,1.279503468,38.51262522,22.14636752,0
21145,2.048915745,132.9390466,16.53068224,1.279503468,38.51262522,22.14636752,0
21145,2.048915745,132.9390466,16.53068224,1.279503468,38.51262522,22.14636752,0
21145,2.048915745,132.9390466,16.53068224,1.279503468,38.51262522,22.14636752,0
21161,29.53124856,1966.966485,713.0834299,22.5634844,2165.036883,55.14475676,0
21161,29.53124856,1966.966485,713.0834299,22.5634844,2165.036883,55.14475676,0
21167,11.73488173,2079.490063,305.763506,14.79147132,600.3284526,66.49709913,0
21177,53.31660825,4809.243364,721.2512471,34.56030183,7305.305907,364.9142016,0
21177,53.31660825,4809.243364,721.2512471,34.56030183,7305.305907,364.9142016,0
21177,53.31660825,4809.243364,721.2512471,34.56030183,7305.305907,364.9142016,0
21223,66.22200707,2302.733811,1513.165696,47.8009326,12196.2709,119.7209211,0
22019,256.2576539,3947.817224,1568.080458,156.5734838,6794.965775,3090.200379,0
22019,256.2576539,3947.817224,1568.080458,156.5734838,6794.965775,3090.200379,0
22077,56.22931514,872.2635998,358.9264576,29.61914366,1282.161743,652.7883771,0
22077,56.22931514,872.2635998,358.9264576,29.61914366,1282.161743,652.7883771,0
22077,56.22931514,872.2635998,358.9264576,29.61914366,1282.161743,652.7883771,0
23005,89.32989162,655.3148064,4.529911745,1.01386572,23.99526913,37.03498831,0
24003,14.20650578,643.4857713,219.569536,9.245995046,318.5410507,103.3156068,0
24003,14.20650578,643.4857713,219.569536,9.245995046,318.5410507,103.3156068,0
24003,14.20650578,643.4857713,219.569536,9.245995046,318.5410507,103.3156068,0
24017,31.83121551,676.532671,395.5668719,18.35704591,1113.733156,120.489932,0
24017,31.83121551,676.532671,395.5668719,18.35704591,1113.733156,120.489932,0
24033,14.77331038,775.7358303,189.1286536,8.724214738,234.4004903,88.06890728,0
24033,14.77331038,775.7358303,189.1286536,8.724214738,234.4004903,88.06890728,0
24033,14.77331038,775.7358303,189.1286536,8.724214738,234.4004903,88.06890728,0
24033,14.77331038,775.7358303,189.1286536,8.724214738,234.4004903,88.06890728,0
24033,14.77331038,775.7358303,189.1286536,8.724214738,234.4004903,88.06890728,0
24043,5.42019318,5.60903068,27.16150768,2.523258334,2.041276,62.92663519,0
25001,0.17617173,2.41231975,0.61122206,0.234533261,0.281556,1.41581194,0
25005,12.90469963,60.91703562,7.41003923,2.793725116,1.21315375,9.88126939,0
25005,12.90469963,60.91703562,7.41003923,2.793725116,1.21315375,9.88126939,0
25009,2.66586989,101.7407895,16.1834888,1.792023225,9.9130625,52.68964496,0
25017,5.06603353,76.61731524,5.06836188,1.406379555,0.301025,2.16968297,0
26017,17.16824891,851.1210988,369.4578425,11.5184357,754.0771976,34.83407381,0
26017,17.16824891,851.1210988,369.4578425,11.5184357,754.0771976,34.83407381,0
26115,38.81166825,4460.980517,1026.079291,31.50525439,1510.703665,77.98198878,0
26115,38.81166825,4460.980517,1026.079291,31.50525439,1510.703665,77.98198878,0
26115,38.81166825,4460.980517,1026.079291,31.50525439,1510.703665,77.98198878,0
26115,38.81166825,4460.980517,1026.079291,31.50525439,1510.703665,77.98198878,0
26121,0,0,0,0,0,0,0
26121,0,0,0,0,0,0,0
26121,0,0,0,0,0,0,0
26121,0,0,0,0,0,0,0
26121,0,0,0,0,0,0,0
26139,34.79660798,2010.057762,215.6529031,8.201571511,5031.900544,66.08681875,0
26139,34.79660798,2010.057762,215.6529031,8.201571511,5031.900544,66.08681875,0
26139,34.79660798,2010.057762,215.6529031,8.201571511,5031.900544,66.08681875,0
26147,44.64421279,5985.459402,507.3787674,15.8057578,15393.6999,89.39564396,0
26147,44.64421279,5985.459402,507.3787674,15.8057578,15393.6999,89.39564396,0
26147,44.64421279,5985.459402,507.3787674,15.8057578,15393.6999,89.39564396,0
26147,44.64421279,5985.459402,507.3787674,15.8057578,15393.6999,89.39564396,0
26163,25.12584941,1850.097948,186.2478104,5.758067302,4418.165374,63.54528484,0
26163,25.12584941,1850.097948,186.2478104,5.758067302,4418.165374,63.54528484,0
26163,25.12584941,1850.097948,186.2478104,5.758067302,4418.165374,63.54528484,0
26163,25.12584941,1850.097948,186.2478104,5.758067302,4418.165374,63.54528484,0
26163,25.12584941,1850.097948,186.2478104,5.758067302,4418.165374,63.54528484,0
27037,3.86429668,10.41260355,23.28720669,2.193013811,2.024833915,50.60200412,0
27037,3.86429668,10.41260355,23.28720669,2.193013811,2.024833915,50.60200412,0
27037,3.86429668,10.41260355,23.28720669,2.193013811,2.024833915,50.60200412,0
27037,3.86429668,10.41260355,23.28720669,2.193013811,2.024833915,50.60200412,0
27061,74.32705138,43.31216859,721.5826177,69.95350143,28.45605475,1068.451612,0
27141,2.442861487,7.630311147,13.69413598,78.82477266,1.244186,30.05657166,0
27141,2.442861487,7.630311147,13.69413598,78.82477266,1.244186,30.05657166,0
27141,2.442861487,7.630311147,13.69413598,78.82477266,1.244186,30.05657166,0
27163,16.31291293,45.03516253,27.07178959,11.18779077,2.857071,61.64564186,0
28059,114.0985705,367.0816763,244.6025027,23.25696995,20.16690356,533.6397159,0
28059,114.0985705,367.0816763,244.6025027,23.25696995,20.16690356,533.6397159,0
28149,45.64247961,2309.581075,152.2325449,14.95442901,13.111882,367.423605,0
29071,54.06069138,2240.281077,308.0469254,17.53521838,3670.428423,293.3201475,0
29071,54.06069138,2240.281077,308.0469254,17.53521838,3670.428423,293.3201475,0
29071,54.06069138,2240.281077,308.0469254,17.53521838,3670.428423,293.3201475,0
29071,54.06069138,2240.281077,308.0469254,17.53521838,3670.428423,293.3201475,0
29095,17.6102662,798.3976112,120.6708131,5.236421563,1303.717105,68.39704576,0
29095,17.6102662,798.3976112,120.6708131,5.236421563,1303.717105,68.39704576,0
29095,17.6102662,798.3976112,120.6708131,5.236421563,1303.717105,68.39704576,0
29095,17.6102662,798.3976112,120.6708131,5.236421563,1303.717105,68.39704576,0
29099,66.97201934,2605.922283,400.0841736,21.71324297,3859.898663,411.746074,0
29099,66.97201934,2605.922283,400.0841736,21.71324297,3859.898663,411.746074,0
29143,41.68944533,3960.109324,249.0400889,12.57804369,3658.803016,215.843407,0
29143,41.68944533,3960.109324,249.0400889,12.57804369,3658.803016,215.843407,0
29165,106.4228103,3247.839232,1160.269664,39.40158312,3479.999774,245.8082496,0
29183,9.3337315,8.620349,58.528508,5.42132665,4.533433,134.172444,0
29183,9.3337315,8.620349,58.528508,5.42132665,4.533433,134.172444,0
29189,61.62425264,5044.286954,328.6380349,14.55123354,5345.526475,143.6946746,0
30087,463.5045554,7032.729298,5720.511954,282.7884107,4146.82678,5770.748058,0
30087,463.5045554,7032.729298,5720.511954,282.7884107,4146.82678,5770.748058,0
31111,40.58009236,61.52656068,273.3494817,24.84164133,26.96679964,583.3400428,0
31111,40.58009236,61.52656068,273.3494817,24.84164133,26.96679964,583.3400428,0
31131,24.72757118,36.69046214,164.6167453,15.10895402,15.693023,355.3875276,0
32003,238.5131471,613.7189746,165.7397506,34.52250478,14.310294,240.2876307,0
32003,238.5131471,613.7189746,165.7397506,34.52250478,14.310294,240.2876307,0
33015,134.6305311,204.4418644,11.61347812,2.000161635,0.497249,53.884975,0
34017,42.25951457,1603.007324,595.4894427,20.41852848,2587.968411,47.55836689,0
35045,31.93206921,2059.89856,912.4465875,47.25577311,1630.266131,122.6584577,0
35045,31.93206921,2059.89856,912.4465875,47.25577311,1630.266131,122.6584577,0
36061,18.67528896,56.65036505,11.57951387,4.356713717,1.3940972,15.66807308,0
36061,18.67528896,56.65036505,11.57951387,4.356713717,1.3940972,15.66807308,0
36061,18.67528896,56.65036505,11.57951387,4.356713717,1.3940972,15.66807308,0
36075,8.623273253,26.74538919,3.19379264,0.352277869,0.2102915,9.079754888,0
36075,8.623273253,26.74538919,3.19379264,0.352277869,0.2102915,9.079754888,0
36075,8.623273253,26.74538919,3.19379264,0.352277869,0.2102915,9.079754888,0
36075,8.623273253,26.74538919,3.19379264,0.352277869,0.2102915,9.079754888,0
36081,303.5722578,559.3802084,69.96492386,24.86309342,2.5876386,102.6577742,0
36085,0.1485664,0.774068315,0.009573555,0.002512461,5.80E-06,3.72814663,0
36085,0.1485664,0.774068315,0.009573555,0.002512461,5.80E-06,3.72814663,0
37045,88.78884133,470.1036226,69.04440787,6.8886102,6.521887,163.8499725,0
37129,3.468366699,1315.640848,31.08235988,2.169062388,613.4057309,103.154158,0
37145,47.74801316,2726.627381,593.6429514,28.38534691,1614.602831,210.3091144,0
37145,47.74801316,2726.627381,593.6429514,28.38534691,1614.602831,210.3091144,0
37145,47.74801316,2726.627381,593.6429514,28.38534691,1614.602831,210.3091144,0
37169,48.57467341,1859.266137,1093.583452,37.88523264,2013.183668,129.271897,0
37169,48.57467341,1859.266137,1093.583452,37.88523264,2013.183668,129.271897,0
38055,74.90366457,2918.154542,668.3414685,37.54614289,1393.205674,624.6502276,0
38055,74.90366457,2918.154542,668.3414685,37.54614289,1393.205674,624.6502276,0
38057,17.5794859,3348.394306,166.6299338,13.13179866,1041.889591,109.8918904,0
38057,17.5794859,3348.394306,166.6299338,13.13179866,1041.889591,109.8918904,0
38057,17.5794859,3348.394306,166.6299338,13.13179866,1041.889591,109.8918904,0
38057,17.5794859,3348.394306,166.6299338,13.13179866,1041.889591,109.8918904,0
39001,16.28687592,97.12595914,15.99748775,22.99380168,1.5771892,41.18227124,0
39001,16.28687592,97.12595914,15.99748775,22.99380168,1.5771892,41.18227124,0
39001,16.28687592,97.12595914,15.99748775,22.99380168,1.5771892,41.18227124,0
39001,16.28687592,97.12595914,15.99748775,22.99380168,1.5771892,41.18227124,0
39001,16.28687592,97.12595914,15.99748775,22.99380168,1.5771892,41.18227124,0
39007,0.829439758,12.78074294,0.040132268,0.009445322,0,0.265521875,0
39007,0.829439758,12.78074294,0.040132268,0.009445322,0,0.265521875,0
39007,0.829439758,12.78074294,0.040132268,0.009445322,0,0.265521875,0
39007,0.829439758,12.78074294,0.040132268,0.009445322,0,0.265521875,0
39013,4.349185351,7.467869483,0.210434423,0.049526763,0,1.392269701,0
39013,4.349185351,7.467869483,0.210434423,0.049526763,0,1.392269701,0
39013,4.349185351,7.467869483,0.210434423,0.049526763,0,1.392269701,0
39013,4.349185351,7.467869483,0.210434423,0.049526763,0,1.392269701,0
39013,4.349185351,7.467869483,0.210434423,0.049526763,0,1.392269701,0
39013,4.349185351,7.467869483,0.210434423,0.049526763,0,1.392269701,0
39013,4.349185351,7.467869483,0.210434423,0.049526763,0,1.392269701,0
39013,4.349185351,7.467869483,0.210434423,0.049526763,0,1.392269701,0
39025,0,0,0,9.47706215,0,0,0
39025,0,0,0,9.47706215,0,0,0
39025,0,0,0,9.47706215,0,0,0
39025,0,0,0,9.47706215,0,0,0
39025,0,0,0,9.47706215,0,0,0
39025,0,0,0,9.47706215,0,0,0
39031,11.5978276,19.91431862,0.56115846,0.132071367,0,3.712719203,0
39031,11.5978276,19.91431862,0.56115846,0.132071367,0,3.712719203,0
39031,11.5978276,19.91431862,0.56115846,0.132071367,0,3.712719203,0
39053,0.139511143,0.372217571,0.823916286,24.05108591,0.078592,1.779574143,0
39053,0.139511143,0.372217571,0.823916286,24.05108591,0.078592,1.779574143,0
39053,0.139511143,0.372217571,0.823916286,24.05108591,0.078592,1.779574143,0
39053,0.139511143,0.372217571,0.823916286,24.05108591,0.078592,1.779574143,0
39053,0.139511143,0.372217571,0.823916286,24.05108591,0.078592,1.779574143,0
39053,0.139511143,0.372217571,0.823916286,24.05108591,0.078592,1.779574143,0
39053,0.139511143,0.372217571,0.823916286,24.05108591,0.078592,1.779574143,0
39061,0.00907875,78.80375,0.74258125,8.303996116,2.649741762,0.8664308,0
39061,0.00907875,78.80375,0.74258125,8.303996116,2.649741762,0.8664308,0
39061,0.00907875,78.80375,0.74258125,8.303996116,2.649741762,0.8664308,0
39061,0.00907875,78.80375,0.74258125,8.303996116,2.649741762,0.8664308,0
39081,0.690033333,1.117675833,4.019121,25.10718596,0.3136005,9.26995445,0
39081,0.690033333,1.117675833,4.019121,25.10718596,0.3136005,9.26995445,0
39081,0.690033333,1.117675833,4.019121,25.10718596,0.3136005,9.26995445,0
39081,0.690033333,1.117675833,4.019121,25.10718596,0.3136005,9.26995445,0
39081,0.690033333,1.117675833,4.019121,25.10718596,0.3136005,9.26995445,0
39081,0.690033333,1.117675833,4.019121,25.10718596,0.3136005,9.26995445,0
39085,3.04266857,1088.033185,567.1150585,23.0150522,9752.665567,6.08533713,0
39093,1.27700058,30.97067797,4.98078742,1.896142009,0.1,2.61379592,0
39095,2.30813567,113.4070811,15.61913841,1.484005639,47.62882035,8.615371795,0
39095,2.30813567,113.4070811,15.61913841,1.484005639,47.62882035,8.615371795,0
39095,2.30813567,113.4070811,15.61913841,1.484005639,47.62882035,8.615371795,0
39095,2.30813567,113.4070811,15.61913841,1.484005639,47.62882035,8.615371795,0
39167,8.349564684,33.51864699,3.61674114,0.29967863,34.92392,2.941998938,0
39167,8.349564684,33.51864699,3.61674114,0.29967863,34.92392,2.941998938,0
39167,8.349564684,33.51864699,3.61674114,0.29967863,34.92392,2.941998938,0
39167,8.349564684,33.51864699,3.61674114,0.29967863,34.92392,2.941998938,0
39167,8.349564684,33.51864699,3.61674114,0.29967863,34.92392,2.941998938,0
40023,226.7797341,3250.764886,1455.270981,121.3127708,2974.041055,2913.152802,0
40097,256.3217561,14250.03674,1525.962734,103.2438897,4822.952797,2138.683233,0
40101,727.6063414,13292.31413,4486.507012,354.3814674,6006.732931,9235.956746,0
40103,59.58706045,2797.306574,374.8024421,25.04085997,1174.759352,449.9241304,0
40103,59.58706045,2797.306574,374.8024421,25.04085997,1174.759352,449.9241304,0
40131,73.10439771,2513.805492,386.8978445,31.92310868,2310.608297,696.1446238,0
40131,73.10439771,2513.805492,386.8978445,31.92310868,2310.608297,696.1446238,0
41049,96.84784877,292.3413421,317.1764764,29.99854632,24.108045,739.6560037,0
42003,78.22721642,9159.962025,1778.766927,205.714927,2762.488869,232.333872,0
42005,21.5529931,5734.173754,303.8518756,13.01364347,916.0255517,44.79534661,0
42005,21.5529931,5734.173754,303.8518756,13.01364347,916.0255517,44.79534661,0
42005,21.5529931,5734.173754,303.8518756,13.01364347,916.0255517,44.79534661,0
42005,21.5529931,5734.173754,303.8518756,13.01364347,916.0255517,44.79534661,0
42033,18.55027078,31.81894921,1.68991063,0.274070925,0.076676,7.618782915,0
42033,18.55027078,31.81894921,1.68991063,0.274070925,0.076676,7.618782915,0
42045,105.7596903,649.4658135,292.7907585,11.00411319,1789.108679,273.7512826,0
42045,105.7596903,649.4658135,292.7907585,11.00411319,1789.108679,273.7512826,0
42059,0,0,0,0,0,0,0
42059,0,0,0,0,0,0,0
42059,0,0,0,0,0,0,0
42063,28.68919573,2532.196729,455.1109564,16.09839682,2720.49947,56.09416966,0
42063,28.68919573,2532.196729,455.1109564,16.09839682,2720.49947,56.09416966,0
42063,28.68919573,2532.196729,455.1109564,16.09839682,2720.49947,56.09416966,0
42063,28.68919573,2532.196729,455.1109564,16.09839682,2720.49947,56.09416966,0
42063,28.68919573,2532.196729,455.1109564,16.09839682,2720.49947,56.09416966,0
42063,28.68919573,2532.196729,455.1109564,16.09839682,2720.49947,56.09416966,0
42063,28.68919573,2532.196729,455.1109564,16.09839682,2720.49947,56.09416966,0
42063,28.68919573,2532.196729,455.1109564,16.09839682,2720.49947,56.09416966,0
42083,2.552021,2.198213,15.878059,1.41752128,1.191612,36.685116,0
42093,36.10767243,8090.926451,902.4158055,29.67354883,1980.910618,72.943774,0
42093,36.10767243,8090.926451,902.4158055,29.67354883,1980.910618,72.943774,0
42095,9.829283598,36.26549444,31.98304786,9.412337956,1.3068625,8.044566058,0
42095,9.829283598,36.26549444,31.98304786,9.412337956,1.3068625,8.044566058,0
42095,9.829283598,36.26549444,31.98304786,9.412337956,1.3068625,8.044566058,0
42095,9.829283598,36.26549444,31.98304786,9.412337956,1.3068625,8.044566058,0
42133,58.68239412,6160.947519,608.6855729,25.33118611,3246.949611,150.1381713,0
42133,58.68239412,6160.947519,608.6855729,25.33118611,3246.949611,150.1381713,0
42133,58.68239412,6160.947519,608.6855729,25.33118611,3246.949611,150.1381713,0
45015,222.1607949,3314.048964,2351.03325,134.6892171,4430.137769,2334.679768,0
46051,37.34631879,12965.80627,259.5764326,13.20809974,11328.51776,214.4751942,0
47001,45.15549785,2112.057338,1245.715068,38.12176787,2657.820238,91.20792054,0
47011,63.07790323,39.66474862,380.9378409,35.28517762,25.02676346,906.7447998,0
47073,194.5914199,1244.451065,53.84166689,6.1757346,2.943682033,166.5108269,0
47085,3.26972413,4.248347067,11.90568274,1.096315539,0.945874348,27.36897595,0
47085,3.26972413,4.248347067,11.90568274,1.096315539,0.945874348,27.36897595,0
47085,3.26972413,4.248347067,11.90568274,1.096315539,0.945874348,27.36897595,0
47085,3.26972413,4.248347067,11.90568274,1.096315539,0.945874348,27.36897595,0
47085,3.26972413,4.248347067,11.90568274,1.096315539,0.945874348,27.36897595,0
47085,3.26972413,4.248347067,11.90568274,1.096315539,0.945874348,27.36897595,0
47085,3.26972413,4.248347067,11.90568274,1.096315539,0.945874348,27.36897595,0
47085,3.26972413,4.248347067,11.90568274,1.096315539,0.945874348,27.36897595,0
47085,3.26972413,4.248347067,11.90568274,1.096315539,0.945874348,27.36897595,0
47085,3.26972413,4.248347067,11.90568274,1.096315539,0.945874348,27.36897595,0
47085,3.26972413,4.248347067,11.90568274,1.096315539,0.945874348,27.36897595,0
47085,3.26972413,4.248347067,11.90568274,1.096315539,0.945874348,27.36897595,0
47085,3.26972413,4.248347067,11.90568274,1.096315539,0.945874348,27.36897595,0
47085,3.26972413,4.248347067,11.90568274,1.096315539,0.945874348,27.36897595,0
47085,3.26972413,4.248347067,11.90568274,1.096315539,0.945874348,27.36897595,0
47085,3.26972413,4.248347067,11.90568274,1.096315539,0.945874348,27.36897595,0
47085,3.26972413,4.248347067,11.90568274,1.096315539,0.945874348,27.36897595,0
47085,3.26972413,4.248347067,11.90568274,1.096315539,0.945874348,27.36897595,0
47085,3.26972413,4.248347067,11.90568274,1.096315539,0.945874348,27.36897595,0
47085,3.26972413,4.248347067,11.90568274,1.096315539,0.945874348,27.36897595,0
47085,3.26972413,4.248347067,11.90568274,1.096315539,0.945874348,27.36897595,0
47085,3.26972413,4.248347067,11.90568274,1.096315539,0.945874348,27.36897595,0
47085,3.26972413,4.248347067,11.90568274,1.096315539,0.945874348,27.36897595,0
47085,3.26972413,4.248347067,11.90568274,1.096315539,0.945874348,27.36897595,0
47085,3.26972413,4.248347067,11.90568274,1.096315539,0.945874348,27.36897595,0
47085,3.26972413,4.248347067,11.90568274,1.096315539,0.945874348,27.36897595,0
47145,8.273677424,340.6048561,134.16078,5.964723606,536.5355022,26.07851641,0
47145,8.273677424,340.6048561,134.16078,5.964723606,536.5355022,26.07851641,0
47145,8.273677424,340.6048561,134.16078,5.964723606,536.5355022,26.07851641,0
47145,8.273677424,340.6048561,134.16078,5.964723606,536.5355022,26.07851641,0
47145,8.273677424,340.6048561,134.16078,5.964723606,536.5355022,26.07851641,0
47145,8.273677424,340.6048561,134.16078,5.964723606,536.5355022,26.07851641,0
47145,8.273677424,340.6048561,134.16078,5.964723606,536.5355022,26.07851641,0
47145,8.273677424,340.6048561,134.16078,5.964723606,536.5355022,26.07851641,0
47145,8.273677424,340.6048561,134.16078,5.964723606,536.5355022,26.07851641,0
47161,66.38467503,3112.224415,2117.958144,65.78281495,12344.5641,259.1657806,0
47161,66.38467503,3112.224415,2117.958144,65.78281495,12344.5641,259.1657806,0
47165,5.017854253,51.88114532,25.2899525,2.346168693,3.814969533,55.55133085,0
47165,5.017854253,51.88114532,25.2899525,2.346168693,3.814969533,55.55133085,0
47165,5.017854253,51.88114532,25.2899525,2.346168693,3.814969533,55.55133085,0
47165,5.017854253,51.88114532,25.2899525,2.346168693,3.814969533,55.55133085,0
48029,80.29691852,2772.67104,451.0831939,21.98611768,1510.314793,334.2259026,0
48029,80.29691852,2772.67104,451.0831939,21.98611768,1510.314793,334.2259026,0
48061,203.9939985,229.2965776,818.813483,69.29717693,57.15216558,1936.763705,0
48113,14.2739622,45.7130595,18.90487146,1.983709775,1.6458965,56.55570252,0
48113,14.2739622,45.7130595,18.90487146,1.983709775,1.6458965,56.55570252,0
48141,88.82512178,286.2583137,84.60274034,16.52529084,10.08022562,178.8617579,0
48147,95.15139699,157.8296373,412.8139539,33.46151933,42.029351,877.5407692,0
48149,65.47288215,2131.344705,1873.352765,49.29051615,1129.160857,369.4637316,0
48149,65.47288215,2131.344705,1873.352765,49.29051615,1129.160857,369.4637316,0
48149,65.47288215,2131.344705,1873.352765,49.29051615,1129.160857,369.4637316,0
48157,54.93626147,1392.048365,462.2367081,18.02423241,4050.138482,168.0727785,0
48157,54.93626147,1392.048365,462.2367081,18.02423241,4050.138482,168.0727785,0
48157,54.93626147,1392.048365,462.2367081,18.02423241,4050.138482,168.0727785,0
48161,243.0657349,3800.764014,888.0468297,47.00471758,5201.676421,1178.940842,0
48161,243.0657349,3800.764014,888.0468297,47.00471758,5201.676421,1178.940842,0
48175,182.8576144,2314.664837,1208.893527,75.78645731,11671.86969,1758.400279,0
48201,34.29135964,217.4418418,67.93252925,10.91869219,5.230765817,134.152204,0
48201,34.29135964,217.4418418,67.93252925,10.91869219,5.230765817,134.152204,0
48201,34.29135964,217.4418418,67.93252925,10.91869219,5.230765817,134.152204,0
48201,34.29135964,217.4418418,67.93252925,10.91869219,5.230765817,134.152204,0
48201,34.29135964,217.4418418,67.93252925,10.91869219,5.230765817,134.152204,0
48201,34.29135964,217.4418418,67.93252925,10.91869219,5.230765817,134.152204,0
48201,34.29135964,217.4418418,67.93252925,10.91869219,5.230765817,134.152204,0
48201,34.29135964,217.4418418,67.93252925,10.91869219,5.230765817,134.152204,0
48201,34.29135964,217.4418418,67.93252925,10.91869219,5.230765817,134.152204,0
48201,34.29135964,217.4418418,67.93252925,10.91869219,5.230765817,134.152204,0
48201,34.29135964,217.4418418,67.93252925,10.91869219,5.230765817,134.152204,0
48201,34.29135964,217.4418418,67.93252925,10.91869219,5.230765817,134.152204,0
48221,76.25566821,220.3310368,366.5131893,29.60661459,27.238161,851.9529141,0
48221,76.25566821,220.3310368,366.5131893,29.60661459,27.238161,851.9529141,0
48279,46.36440303,3601.903108,359.8036717,17.0435818,3321.872186,264.9159601,0
48279,46.36440303,3601.903108,359.8036717,17.0435818,3321.872186,264.9159601,0
48293,132.8270773,6976.077795,2903.708348,56.33616607,14112.52796,918.6726097,0
48293,132.8270773,6976.077795,2903.708348,56.33616607,14112.52796,918.6726097,0
48309,103.9980178,1937.646485,808.9921953,42.4610086,2592.777465,843.794655,0
48375,44.37069227,183.6152163,287.634835,23.21839789,29.20556275,610.3246248,0
48375,44.37069227,183.6152163,287.634835,23.21839789,29.20556275,610.3246248,0
48375,44.37069227,183.6152163,287.634835,23.21839789,29.20556275,610.3246248,0
48375,44.37069227,183.6152163,287.634835,23.21839789,29.20556275,610.3246248,0
48401,149.9351478,5639.567073,3441.272078,60.80476582,5093.696639,1112.905996,0
48401,149.9351478,5639.567073,3441.272078,60.80476582,5093.696639,1112.905996,0
48401,149.9351478,5639.567073,3441.272078,60.80476582,5093.696639,1112.905996,0
48439,6.397893667,12.89883993,43.00120475,3.491685633,4.475517712,92.27308192,0
48439,6.397893667,12.89883993,43.00120475,3.491685633,4.475517712,92.27308192,0
48439,6.397893667,12.89883993,43.00120475,3.491685633,4.475517712,92.27308192,0
48449,64.97040367,4535.488908,493.4581443,14.74383329,5166.001063,251.5866713,0
48449,64.97040367,4535.488908,493.4581443,14.74383329,5166.001063,251.5866713,0
48449,64.97040367,4535.488908,493.4581443,14.74383329,5166.001063,251.5866713,0
49015,39.48296361,7542.441394,843.5176133,25.64588112,2816.168078,116.4239429,0
49027,45.5650275,12775.32263,876.2021722,33.42835258,2667.201304,149.36756,0
49027,45.5650275,12775.32263,876.2021722,33.42835258,2667.201304,149.36756,0
49035,10.5628684,174.5285345,201.6082268,3.044547255,532.738623,63.06773118,0
51041,89.1607171,2047.759552,925.8324553,32.13790424,1607.960242,125.6183046,0
51153,69.35483448,98.29444454,286.8073272,36.42851281,21.552903,578.8943559,0
51167,8.288683582,6.530664515,51.09223702,4.627816905,3.686515994,119.1498307,0
51167,8.288683582,6.530664515,51.09223702,4.627816905,3.686515994,119.1498307,0
51199,1.693753,2.025169,10.982878,1.01731258,0.961735,24.34775,0
53041,89.67783298,73.04166147,471.4079862,43.74084486,29.496017,1135.093554,0
53041,89.67783298,73.04166147,471.4079862,43.74084486,29.496017,1135.093554,0
53041,89.67783298,73.04166147,471.4079862,43.74084486,29.496017,1135.093554,0
53041,89.67783298,73.04166147,471.4079862,43.74084486,29.496017,1135.093554,0
53041,89.67783298,73.04166147,471.4079862,43.74084486,29.496017,1135.093554,0
54023,29.85884359,1106.472876,575.4159285,18.05370312,1728.471776,51.17457533,0
54023,29.85884359,1106.472876,575.4159285,18.05370312,1728.471776,51.17457533,0
54023,29.85884359,1106.472876,575.4159285,18.05370312,1728.471776,51.17457533,0
54033,28.37227427,4588.470503,507.3012486,21.5372299,2896.92054,56.74575964,0
54033,28.37227427,4588.470503,507.3012486,21.5372299,2896.92054,56.74575964,0
54033,28.37227427,4588.470503,507.3012486,21.5372299,2896.92054,56.74575964,0
54051,30.26297058,681.5280398,557.3604482,16.21990672,2386.053027,58.26069947,0
54051,30.26297058,681.5280398,557.3604482,16.21990672,2386.053027,58.26069947,0
54051,30.26297058,681.5280398,557.3604482,16.21990672,2386.053027,58.26069947,0
54051,30.26297058,681.5280398,557.3604482,16.21990672,2386.053027,58.26069947,0
54051,30.26297058,681.5280398,557.3604482,16.21990672,2386.053027,58.26069947,0
54053,22.93329755,427.9160426,346.8303576,10.9677519,903.8336636,42.3285331,0
54053,22.93329755,427.9160426,346.8303576,10.9677519,903.8336636,42.3285331,0
54053,22.93329755,427.9160426,346.8303576,10.9677519,903.8336636,42.3285331,0
54053,22.93329755,427.9160426,346.8303576,10.9677519,903.8336636,42.3285331,0
54053,22.93329755,427.9160426,346.8303576,10.9677519,903.8336636,42.3285331,0
54053,22.93329755,427.9160426,346.8303576,10.9677519,903.8336636,42.3285331,0
54061,48.22418736,6941.332697,686.6762129,26.8919503,4268.774162,75.29012891,0
54061,48.22418736,6941.332697,686.6762129,26.8919503,4268.774162,75.29012891,0
54073,28.32322022,3159.799712,1092.193531,32.06765048,14460.27847,58.82644044,0
54073,28.32322022,3159.799712,1092.193531,32.06765048,14460.27847,58.82644044,0
54079,44.09539239,1842.804251,1618.389238,48.5594294,4306.997054,111.0769974,0
54079,44.09539239,1842.804251,1618.389238,48.5594294,4306.997054,111.0769974,0
54079,44.09539239,1842.804251,1618.389238,48.5594294,4306.997054,111.0769974,0
54107,0,0,0,0,0,0,0
54107,0,0,0,0,0,0,0
54107,0,0,0,0,0,0,0
55011,4.609956337,161.8963507,26.25316136,1.2717371,186.8049768,15.25673401,0
55011,4.609956337,161.8963507,26.25316136,1.2717371,186.8049768,15.25673401,0
55011,4.609956337,161.8963507,26.25316136,1.2717371,186.8049768,15.25673401,0
55011,4.609956337,161.8963507,26.25316136,1.2717371,186.8049768,15.25673401,0
55011,4.609956337,161.8963507,26.25316136,1.2717371,186.8049768,15.25673401,0
55011,4.609956337,161.8963507,26.25316136,1.2717371,186.8049768,15.25673401,0
55021,5.2069805,5.754092,33.393265,3.093121365,2.814246,74.850207,0
55021,5.2069805,5.754092,33.393265,3.093121365,2.814246,74.850207,0
55073,63.10330815,2186.718717,458.9120501,16.68164371,2411.404917,165.7535618,0
55087,34.97540432,107.1928612,29.14139394,10.88364496,38.71422327,18.17297049,0
55089,5.92852738,11.29250151,0.286850557,0.067511667,0,1.897851753,0
55089,5.92852738,11.29250151,0.286850557,0.067511667,0,1.897851753,0
55089,5.92852738,11.29250151,0.286850557,0.067511667,0,1.897851753,0
55117,1.288821637,18.57948091,4.308664907,0.296641391,18.19133009,5.797579823,0
55117,1.288821637,18.57948091,4.308664907,0.296641391,18.19133009,5.797579823,0
55117,1.288821637,18.57948091,4.308664907,0.296641391,18.19133009,5.797579823,0
55123,25.46812459,1145.602764,325.3665937,11.53598687,939.5927831,118.7959722,0
56031,164.0068621,12535.21854,1996.050213,88.66548526,5230.462322,1028.065792,0
