1001,4.264776358,5.991955744
1003,0,0
1005,0,0
1007,0,0
1009,0,0
1011,0,0
1013,0,0
1015,1.49540359304,1.7737166334
1017,3.7833582678,52.947203147
1019,0,0
1021,3.994148307,2.569152544
1023,7.5452957673,10.826673308
1025,8.71285792,8.99179611
1027,0,0
1029,0,0
1031,0,0
1033,0.2034836853,1.209478838
1035,0,0
1037,3.06948104,1.97437972
1039,1.3195103643,0.8489315796
1041,0,0
1043,4.954081304,31.18354332
1045,0.0021869263,0.0054673152
1047,48.8444041787,27.972181418
1049,0,0
1051,1.0832641,0.69678706
1053,4.42646933102,6.3533455821
1055,4.7243939021,5.2198356599
1057,0,0
1059,0,0
1061,0,0
1063,0.010718191,0.0079134302
1065,0,0
1067,0,0
1069,0.22146346939,0.14245176065
1071,1.3354565543,0.8640758753
1073,47.86223748769,135.48212563797
1075,0,0
1077,0,0
1079,3.6212767427,9.082852782
1081,1.4293682186,0.9194113425
1083,0,0
1085,30.3171926393,19.5009021146
1087,0,0
1089,1.963072827825,1.2751668053
1091,3.621696236678,6.06524655335
1093,0.0125181814,0.0500169285
1095,0,0
1097,11.0435126247,7.8705420812
1099,8.6650977233,22.8797738264
1101,89.8048240005,45.81127101
1103,21.939085118,33.6249712876
1105,0,0
1107,0,0
1109,0,0
1111,1.800315,1.1580151
1113,13.9421295731,26.66711018793
1115,0.3380558455,1.3342375046
1117,1.52625743,4.441542798
1119,0.230630396,0.148348198
1121,2.3812863624,8.2178324302
1123,1.39073704436,0.89459625134
1125,0.265203651,1.2845634279
1127,0.0193242,0.0142674
1129,29.7570413565,35.4649153493
1131,1.337880139,4.960567625
1133,0,0
4001,45.851635783,33.8342666338
4003,14.1422566377,10.2105320112
4005,6.9608449,4.47741829
4007,7.31168266,4.70308778
4009,0,0
4011,0,0
4012,2.61381132,1.68127962
4013,0,0
4015,10.022684652,6.825636225
4017,1.5959101545,1.217328418
4019,5.4937743217333,4.3683488429363
4021,2.82852659452,1.96792986892
4023,0.8793384713,0.55455878692
4025,2.6769938747,2.03439238658
4027,9.32176159092,5.988304688888
5001,0,0
5003,4.285527016,8.70417562
5005,0,0
5007,0,0
5009,0,0
5011,0.03382232,0.39607716
5013,1.5953001,15.097301
5015,0,0
5017,0,0
5019,0.61692321,3.72742261
5021,0.010361901905,0.006665077748
5023,0,0
5025,0,0
5027,0.00090751739,0.007471283
5029,0.35082287,1.1992182
5031,0.448799089,0.30442703
5033,0,0
5035,0,0
5037,0.096359812,0.061981443
5039,0,0
5041,2.1514842,5.5519058353
5043,0,0
5045,0,0
5047,0.200538984,0.237276993
5049,0,0
5051,0,0
5053,0,0
5055,0.00272745213,0.00175437681
5057,4.433449513,41.743744093
5059,1.120886520762,0.70855628896
5061,0.0411809983,0.38972099
5063,0,0
5065,0,0
5067,0.44280901,1.37256001
5069,9.5480451998,67.1069604994
5071,0,0
5073,0,0
5075,0,0
5077,0,0
5079,0,0
5081,4.13805201345,5.3602118604
5083,0,0
5085,0,0
5087,0,0
5089,0,0
5091,1.5321599,0.98552996
5093,17.511871804,13.353935137
5095,0,0
5097,0,0
5099,0.47671276,4.5114245
5101,0,0
5103,0.14038546,0.090300024
5105,0,0
5107,0.0034652308,0.00143218061
5109,0,0
5111,0,0
5113,0,0
5115,0.02589594991,0.2128937953
5117,0,0
5119,5.9337339358,3.8103765404
5121,1.25183994,0.80521999
5123,0,0
5125,0,0
5127,0,0
5129,0,0
5131,0.042906597,1.377786014
5133,0,0
5135,0,0
5137,0,0
5139,3.32016082129,11.3875719416
5141,0,0
5143,0.1286439486,0.0827475372
5145,0.83328003,0.53599006
5147,0.0020999999,0.0020999999
5149,0,0
6001,4.08725141392338,7.02249412712002
6003,0,0
6005,0,0
6007,0.0320710226,0.0263373505
6009,0,0
6011,1.854065577677,1.20471968927
6013,22.564611248752,27.162176258892
6015,0,0
6017,0.015319452,0.14497733
6019,5.9821553375571,4.155221275769
6021,0.502113831,1.71427262
6023,6.080991683612,2.05478684402
6025,1.4232565897,0.9154800762
6027,0,0
6029,17.8482724218044,14.6002835610812
6031,7.1622431527525,1.890355546689
6033,13.42076256,8.63262491
6035,0.0129863061,0.122897366
6037,50.297997475847,40.7769930658749
6039,0.00296337392,0.00190612864
6041,0.38938326,0.80522418
6043,0,0
6045,0.35204643,0.22644652
6047,0,0
6049,0,0
6051,0.47067878,0.1071722
6053,0,0
6055,0.08720121744,0.15344757622
6057,0.00199096,0.0049773999
6059,6.01163366283,4.00703111957
6061,0.07399212998,0.04759389618
6063,0.478683884311,0.39564868862
6065,12.516003281599,7.982919149457
6067,6.9997989224,3.79885887009
6069,0,0
6071,41.3509004425877,49.8419340382014
6073,2.7340124799,1.7585966207
6075,0.28413090688,0.06469578844
6077,1.2289297689971,0.9134630225254
6079,0.52884226707,0.34020776805
6081,1.37808943975,2.85200498989
6083,14.57608477094,10.48264267729
6085,4.046943063612,4.877249151365
6087,0.59414626735,0.39073339433
6089,21.49191672443,14.34207697829
6091,0.003315375,0.031375419
6093,0,0
6095,2.33658820823,2.93979633461
6097,20.063506607,12.90813394084
6099,0.09355716891428,0.240175900444
6101,1.34433995525,0.86471863297
6103,0.00823751588,0.02277006382
6105,0,0
6107,0,0
6109,0.0351470584,0.332618092
6111,5.6294719295326,3.89159695424
6113,3.368088248,9.99453203296
6115,0,0
8001,27.13907308221,21.50845623164
8003,0.03683297696,0.02369204461
8005,169.306665536,108.8479695581
8007,0,0
8009,0.0287788574408,0.018511400518
8011,0.028690092,0.018454304
8013,0.4520661236485,0.5090047254141
8015,0,0
8017,0,0
8019,0,0
8021,0,0
8023,0,0
8025,0,0
8027,0,0
8029,3.3217568,2.4525118
8031,0.544137505562,0.38491830585
8033,0,0
8035,0.014509126,0.0033036859
8037,0,0
8039,0,0
8041,13.43388726748,9.62952573036
8043,0.7897668147,0.73211198274
8045,0.5833920469,0.3752547816
8047,0,0
8049,0,0
8051,0.0021792017,0.0077828635
8053,0,0
8055,0,0
8057,0,0
8059,4.493868385647,3.21955797243
8061,0.010944,0.0070394999
8063,0.443372639682,0.1249610619449
8065,0.083168015,0.074336
8067,0,0
8069,3.4137602,2.1958301
8071,0.819934383078,0.52352028175
8073,1.68194572,1.08187649467
8075,0.01616194193,0.0115006118
8077,0.13461854166,0.09991211954
8079,0,0
8081,0,0.34528275
8083,0.512770014,0.338039992
8085,1.8252649,1.3551994543
8087,3.5523059736,2.85299336219
8089,0.0544062060422,0.0485869040687
8091,0,0
8093,0,0
8095,0,0
8097,0,0
8099,1.32456515533,0.85126807737
8101,4.091687863,5.929498607
8103,0.000164736,0.000105963
8105,0,0
8107,0,0
8109,0.0015378560202,0.0003530104498
8111,0,0
8113,0,0
8115,0.0019598876721,0.0004814016359
8117,0,0
8119,0,0
8121,0,0
8123,86.7549165402742,57.304589291847
8125,0.00155725333,0.000354582098
9001,15.63573526692,11.6356283603
9003,3.68450676153,4.90240360985
9005,0.00589246081,0.00379020257
9007,0.45363916937,0.26373573587
9009,0.195256859581,0.126653421301
9011,7.208158123903,8.636756131513
9013,0,0
9015,1.559370461,1.00303261
10001,0.46806098204,0.3012060886
10003,16.8800624572,14.7080583484
10005,0.022869134,0.014710095
11001,2.76832579700004,1.8115736300684
12001,7.93927433028,11.4020057222
12003,0,0
12005,16.9568730237236,32.1317222949936
12007,0.23449458,0.15083376
12009,0.7867373514,0.2662238003
12011,0.88862704833,0.57774658059
12013,0,0
12015,0.035548441,0.33641666
12017,0.13902873,0.08942733
12019,0,0
12021,0,0
12023,0,0
12025,0,0
12027,0.416639998,0.26799498
12029,0,0
12031,3.343224107497,3.922981081397
12033,24.86129194534,16.44802285834
12035,0,0
12037,0,0
12039,0.42437991,0.27297353
12041,0.220649579,0.141928241
12043,0.0054910234,0.01091979
12045,0,0
12047,0,0
12049,1.4896770745,0.84958368551
12051,7.97710020012,75.4541574999
12053,3.720445602,4.98979459
12055,0.719847354,0.4375304048
12057,0.472670317629,0.82074680552
12059,0,0
12061,0.340984757,0.2193313213
12063,1.21738511,8.61679754
12065,0,0
12067,0,0
12069,0.32924449,0.21177964
12071,0.027145466389,0.0187588091
12073,8.2702174142,5.31931979804
12075,0,0
12077,2.341001557,22.15432982
12079,0,0
12081,0.003038252,0.016810328
12083,0.35058895,0.22550903
12085,0.6193337106,1.3337539582
12087,1.7664879864,0.67584746628
12089,4.1627706247,28.7630001156
12091,0,0
12093,14.197248,9.1320839
12095,0.2741908666,0.214056082
12097,3.65829805187,1.67025010415
12099,8.402294689918,23.320409234478
12101,0.056487767317,0.03795081477
12103,3.9454528194,2.400598385897
12105,48.506030709927,46.76246510955
12107,2.64393572565,2.0035281274
12109,0,0
12111,1.038839122,0.77110337
12113,2.9691855,1.9098667
12115,0.0088113902,0.0091980861
12117,0,0
12119,0,0
12121,0.08622434,0.37314829
12123,3.87435473,11.478288674
12125,0,0
12127,4.2877401675,2.53732749871
12129,0.160581504,0.1004376005
12131,0,0
12133,0,0
13001,0,0
13003,0,0
13005,0,0
13007,0,0
13009,0,0
13011,0,0
13013,0,0
13015,0,0
13017,0,0
13019,0,0
13021,5.574081200594,44.594519979994
13023,0,0
13025,0,0
13027,3.12011,29.52751
13029,0,0
13031,0,0
13033,0.0220342,0.01417304
13035,0,0
13037,0,0
13039,0.0220342,0.01417304
13043,0,0
13045,0.093382269,0.060066201
13047,0,0
13049,0,0
13051,6.60416320273,7.13522786926
13053,0,0
13055,0,0
13057,0,0
13059,0,0
13061,0,0
13063,3.8405762,0.87448812
13065,0,0
13067,1.9730799,1.4567599
13069,0,0
13071,0,0
13073,0,0
13075,0,0
13077,3.018554327,2.67913234
13079,0,0
13081,15.12000009,94.5000061
13083,0,0
13085,0,0
13087,0.34557962,0.22228689
13089,0,0
13091,0,0
13093,0,0
13095,5.062168447,24.0634583719
13097,0,0
13099,14.26656354499,16.64722844353
13101,0,0
13103,6.69754098455,6.47187574484
13105,0,0
13107,0,0
13109,0,0
13111,0,0
13113,0,0
13115,5.162108401,3.81127609999
13117,0,0
13119,0,0
13121,35.1129613,22.5856805
13123,0,0
13125,0,0
13127,1.9246096752,6.203016733
13129,0,0
13131,0,0
13133,0,0
13135,0.67376256,0.43338373
13137,0,0
13139,0,0
13141,0,0
13143,0,0
13145,0,0
13147,0.369170652,0.2374613296
13149,0,0
13151,0.11904,0.076569997
13153,0.2855150568,0.49465183069
13155,0,0
13157,0.861455416,5.8577822167
13159,0,0
13161,0,0
13163,0.673421682001,2.40507753097
13165,0,0
13167,0,0
13169,0,0
13171,0,0
13173,0,0
13175,0,0
13177,0,0
13179,0,0
13181,0,0
13183,0,0
13185,10.7179298012,75.6842379976
13187,0,0
13189,0,0
13191,0,0
13193,0,0
13195,1.10208002,0.70888999
13197,0,0
13199,39.744003,25.564501
13201,0,0
13205,0.04060707486,0.0261196548
13207,0,0
13209,0,0
13211,0,0
13213,0.602311244,0.387424188
13215,0,0
13217,0,0
13219,0,0
13221,0,0
13223,0,0
13225,0,0
13227,0,0
13229,0,0
13231,0,0
13233,0.0374352233,0.0240794266
13235,0,0
13237,0,0
13239,0,0
13241,0,0
13243,0,0
13245,9.0833386636,29.554568292
13247,0,0
13249,0,0
13251,0,0
13253,0,0
13255,0,0
13257,0,0
13259,0,0
13261,0.46409504064,1.65748229485
13263,0.0659982858,0.0424520209
13265,0,0
13267,0,0
13269,0,0
13271,0,0
13273,0,0
13275,0,0
13277,0,0
13279,0,0
13281,0,0
13283,0,0
13285,0,0
13287,0,0
13289,0,0
13291,0,0
13293,0.132842991,0.085448484
13295,0,0
13297,1.3930448795,0.8960470673
13299,0,0
13301,0,0
13303,0.136292635,0.08766739012
13305,6.6538911209,47.25090645
13307,0,0
13309,0,0
13311,0,0
13313,0,0
13315,0,0
13317,0,0
13319,0,0
13321,0.66293526,0.48945686
16001,0,0
16003,0,0
16005,0,0
16007,0,0
16009,0,0
16011,0,0
16013,0,0
16015,0,0
16017,2.86540792,1.8431139
16019,0,0
16021,0,0
16023,0,0
16025,0,0
16027,0.589319043,0.397148381
16029,10.24852708926,29.32425474816
16031,0,0
16033,0,0
16035,0,0
16037,0,0
16039,0.056930332,0.036619247
16041,0,0
16043,0,0
16045,0,0
16047,0,0
16049,0,0
16051,0,0
16053,0,0
16055,0.48341851,0.31094887
16057,0,0
16059,0,0
16061,0,0
16063,0,0
16065,0,0
16067,0.031158354,0.0200419627
16069,4.1085404044,6.20054672
16071,0,0
16073,0,0
16075,0,0
16077,0,0
16079,0,0
16081,0,0
16083,0.323657376,0.219777036
16085,0,0
16087,0,0
17001,0.0078485012,0.0057946877
17003,0,0
17005,0,0
17007,0,0
17009,0,0
17011,0.21804926203,0.14015950801
17013,0,0
17015,0,0
17017,0,0
17019,0.1960866992,0.11042623095
17021,0,0
17023,0.00058520836,0.00037642306
17025,0,0
17027,0.0024868732,0.00056625385
17029,0,0
17031,24.1638364665758,54.548888099706
17033,14.849482754,20.31630491
17035,0,0
17037,0,0
17039,0.120952946579,0.205080830341
17041,0,0
17043,0.32841100412,0.20900032418
17045,0,0
17047,0,0
17049,0,0
17051,0.00077844097,0.00050071592
17053,0.0157775,0.010148548
17055,0,0
17057,0,0
17059,0,0
17061,0,0
17063,1.445615888,2.1848072
17065,0,0
17067,0,0
17069,0,0
17071,0,0
17073,0.000260075525,0.000167288152
17075,0,0
17077,0.061371732,0.0394760866
17079,0,0
17081,0,0
17083,0,0
17085,0,0
17087,0,0
17089,0.02719431225,0.0174921743
17091,1.75821514,2.11354418
17093,12.215930408,7.857642537
17095,0.0082991999,0.097188011
17097,14.0413571152,15.89346407011
17099,1.94690221644,6.48807503144
17101,0,0
17103,0,0
17105,3.420952001,2.2021218
17107,0.0293607998,0.31132602
17109,0,0
17111,0.48767999,0.31369001
17113,0,0
17115,0.248374934701,0.279599233
17117,0,0
17119,85.63545997302,103.76122141978
17121,0.0181376952,0.0116666938
17123,0,0
17125,0,0
17127,0.6930650209,0.5375599979
17129,0,0
17131,0,0
17133,0,0
17135,0,0
17137,0,0
17139,0,0
17141,0.017021139403,0.391654923201
17143,11.8860322199,5.5362103297
17145,0.0141045112,0.0090724332
17147,1.2846006684,0.8262925674
17149,0,0
17151,0,0
17153,0,0
17155,8.77878152,16.8909486
17157,0,0
17159,0,0
17161,0.08401409581,0.05535848574
17163,0.0694810111,0.04469221164
17165,0,0
17167,5.3950432008,5.84840120044
17169,0,0
17171,0,0
17173,0.1145083616,0.0736551162
17175,0,0
17177,0.0081562512,0.0081562512
17179,0.68712182,3.03691414
17181,0,0
17183,7.4342043539384,12.0608551263678
17185,0,0
17187,0,0
17189,36.053154,26.618682
17191,0,0
17193,0.00057632639,0.00037070995
17195,2.48090700583,3.0798595191
17197,37.3074480824,29.7988283126
17199,7.1684707966,26.5392757193
17201,0.505824966,0.3253613675
17203,0,0
18001,0,0
18003,0.85998779,0.5872091151
18005,0,0
18007,0,0
18009,0.18094081,0.1163864
18011,0,0
18013,0,0
18015,0,0
18017,9.621876650769,8.85769686362
18019,2.9732281760082,12.8577207636099
18021,0.00026530982,0.011127379
18023,0.49010286,0.3618516
18025,0,0
18027,0,0
18029,1.8458204638,1.502891899
18031,0,0
18033,2.343669549,3.38251559
18035,0,0
18037,7.3990847896,5.6561765867
18039,2.26346641,2.4376361
18041,0.0332541464,0.0075718728
18043,6.05509804,7.3910882
18045,0,0
18047,0,0
18049,0,0
18051,0,0
18053,0,0
18055,0.011295045,0.0072653024
18057,0.0423083865,0.027213986
18059,0,0
18061,0,0
18063,0.1221132,1.0865719
18065,0.0074092341,0.0467162364
18067,0,0
18069,0,0
18071,0,0
18073,0.659485048,0.424200028
18075,0.0052285499,0.05987533
18077,0,0
18079,0,0
18081,0,0
18083,0.186513721,0.11997106
18085,4.2391806e-05,0.00067284674
18087,0.63391495,0.40775254
18089,763.009256864267,570.01409879125
18091,2.04229254,1.31366209
18093,0.040603915,0.0311808487
18095,0.1078780017,0.069390273
18097,0.20052457203,0.05040160766
18099,0,0
18101,0,0
18103,15.56418490904,12.3561769175
18105,0.95487186,0.696403062
18107,5.0719700009,28.441429685
18109,6.97700002,7.95257592
18111,0.85832828,0.55210179
18113,0,0
18115,0,0
18117,0,0
18119,0,0
18121,0,0
18123,0.24404949,2.009177
18125,0,0
18127,238.27003669687,165.673847505
18129,11.6781809691,14.5703552547
18131,0.027160002,0.80548805
18133,0.23419939,1.0135317
18135,0,0
18137,0,0
18139,0,0
18141,8.4792686180104,6.1838299539804
18143,0,0
18145,6.37847322,63.89761121
18147,1.502976016,0.966757953
18149,0,0
18151,0,0
18153,0.00223650005,0.00559124983
18155,0,0
18157,7.70092093666,14.63034053442
18159,0,0
18161,0,0
18163,0.00214830737,0.00138185388
18165,0,0
18167,1.417480001,0.989804332
18169,0,0
18171,0,0
18173,4.199821328721,7.09909640815
18175,0,0
18177,4.20060450715,5.36095018741
18179,0.015168369238,0.00975673702
18181,0,0
18183,0,0
19001,0.5298010332,0.33843079212
19003,0.04797184,0.02841861482
19005,0.00051836135,0.000382715389
19007,0.38135246,0.1957311686
19009,0.5918006868,0.3518222097
19011,0.263340447188,0.169388258863
19013,0.33042211431,0.68052831806
19015,5.910389299189,3.801734883632
19017,0.01338184169,0.004302682122
19019,0.01903630468,0.00465685524
19021,0,0
19023,0,0
19025,0,0
19027,0.00173361898,0.000394740054
19029,0.00623323954,0.002102235483
19031,0.000496166435,0.000319148713
19033,0.7371334418835,1.1770610193204
19035,0.4642373,0.92321116
19037,0.01860660195,0.00462605097
19039,0,0
19041,1.0856861592,1.3224114445
19043,0,0
19045,12.34332022693,15.7869576301
19047,0,0
19049,0.44159999,0.28404999
19051,0.06911576644,0.477747222013
19053,0.00241803968,0.000735172628
19055,0,0
19057,7.55669265274,7.70757462237
19059,0.0056437962,0.00128507608
19061,1.407884094407,2.251977620762
19063,0.00542170608,0.00236658043
19065,0,0
19067,0.010291516241,0.006497743487
19069,0,0
19071,0,0
19073,0.0027572946,0.00062782801
19075,0.0038977551,0.00116610203
19077,0.014644585559,0.172652456408
19079,0.046271998,0.010536001
19081,0.545280011,0.350739981
19083,0,0
19085,0,0
19087,0.0379406376,0.0086389734
19089,0.0027058248,0.00061610847
19091,0,0
19093,0.62225103,1.237447
19095,0.0061378114,0.00139756198
19097,0.010577673069,0.003920378391
19099,0,0
19101,0,0
19103,3.40004088826,2.50110037496
19105,0,0
19107,0,0
19109,0.0006883199961,0.00044274748
19111,0.3975047534,1.38287498315
19113,10.30859273911,7.912846328647
19115,0,0
19117,0,0
19119,0,0
19121,0.000151511045,9.7456319e-05
19123,0,0
19125,2.95553934533,2.05869077813
19127,5.64253941283,2.14388094577
19129,0,0
19131,0.01192185319,0.00302683126
19133,0,0
19135,0.30336002,0.19512999
19137,0.005117041002,0.00322519688
19139,16.222137307746,12.394065150668
19141,0,0
19143,0.005074765073,0.001361326606
19145,0,0
19147,0.00562272779,0.0013101876399
19149,0,0
19151,0,0
19153,0.5491616613,0.40331470516
19155,2.615702333,2.29904629
19157,0.018162888581,0.007907422762
19159,0,0
19161,0,0
19163,2.99874252812822,2.1568429642896
19165,0.0052637178,0.00119853334
19167,0,0
19169,10.81882936438,7.89760347483
19171,0.009229820218,0.002203745194
19173,0,0
19175,0.04823746074,0.03102774284
19177,0,0
19179,0,0
19181,0.00374969664,0.00203255247
19183,0,0
19185,0,0
19187,0.0038177332,0.00086928678
19189,0.035627702383,0.00878020681
19191,0,0
19193,0,0
19195,0,0
19197,3.7729749481,2.78094653944
20001,0.61417193148,0.44787473134
20003,0.074314408,0.054867644
20005,0.3560448,0.22901841
20007,0,0
20009,0.00087804289,0.00056478282
20011,0,0
20013,0,0
20015,2.34923806208,1.51039513431
20017,0,0
20019,0,0
20021,0.492346332,0.316691495
20023,0,0
20025,0,0
20027,1.65902951032,1.067136181556
20029,0,0
20031,0.000676727029,0.000435290564
20033,0,0
20035,0,0
20037,0,0
20039,0,0
20041,0,0
20043,0,0
20045,11.63910691712,8.59331345346
20047,0.0093849599,0.0060366797
20049,0,0
20051,0.00498548736,0.00320681088
20053,1.643281129705,1.0601173627
20055,0.0041810004,0.0037369998
20057,0.23513319,0.197981503
20059,0.237457539,0.152739612
20061,0,0
20063,0,0
20065,0,0
20067,0.10342934,0.52112472
20069,0,0
20071,0,0
20073,0,0
20075,0,0
20077,0.0056500006,0.0050499998
20079,0,0
20081,0,0
20083,0.000202237437,0.0001300850161
20085,0.000160473602,0.000103221305
20087,0,0
20089,0,0
20091,1.2640006592,1.1973758625
20093,5.3268481e-05,3.4263841e-05
20095,0.00727237254,0.0039913542
20097,0.330082169,0.212318482
20099,0,0
20101,0,0
20103,0,0
20105,0,0
20107,0.084154004,0.210385013
20109,0,0
20111,2.792647598,2.0147123903
20113,2.31967130315,1.67828140284
20115,0,0
20117,0,0
20119,0.000216737289,0.000139411735
20121,0.039715201,0.025545975
20123,0,0
20125,1.997129231261,2.1395116079787
20127,0,0
20129,0,0
20131,0,0
20133,0.1247569141,0.291776128
20135,0,0
20137,0.000106429436,6.8458518e-05
20139,0,0
20141,0,0
20143,1.0646554,0.68481737
20145,0.206264379004,0.141581492081
20147,0,0
20149,0,0
20151,0.0010528512,0.0006772246
20153,0,0
20155,4.5500004e-05,0.0013493999
20157,0,0
20159,0.255318408002,0.16471446441
20161,0,0
20163,0,0
20165,0,0
20167,0.00113986949,0.00073319724
20169,0,0
20171,4.6816003e-05,0.0013884288
20173,0.11931661966,0.07674792991
20175,0.0162597112,0.0104587209
20177,5.8041906,4.2853365
20179,0,0
20181,0,0
20183,0,0
20185,0.00013732992,8.8334607e-05
20187,7.5855358e-05,4.8792375e-05
20189,0.00112113414,0.000721146136
20191,0.03736028847,0.02403122428
20193,0.000675701801,0.000434631081
20195,0,0
20197,0,0
20199,0,0
20201,0.2475371371,0.15794640933
20203,0,0
20205,0.000357699842,0.000230082962
20207,0,0
20209,8.7974765797554,6.2310139581554
21001,0,0
21003,0,0
21005,0,0
21007,3.933236352286,12.06137798557
21009,0,0
21011,2.774586111,1.804599226
21013,0,0
21015,0,0
21017,0.028747592,0.018491291
21019,131.34075622999,107.26631234777
21021,0,0
21023,0,0
21025,0,0
21027,0.327076234,0.210384967
21029,0.04231381215216,0.11787426045677
21031,0,0
21033,0,0
21035,0,0
21037,9.6085984423501,6.273847888304
21039,0,0
21041,0.2849519677,2.345913191
21043,0,0
21045,0.81076643,0.52150862
21047,0,0
21049,0.3442480195,0.23481202228
21051,0,0
21053,0,0
21055,0,0
21057,0,0
21059,0.1877729744,0.14811071
21061,0,0
21063,0,0
21065,0,0
21067,1.085282283,0.724134007
21069,0,0
21071,0.00013992512,0.0041497787
21073,1.32200496039,0.8575178676
21075,0,0
21077,0.83969137,2.630307
21079,0,0
21081,0,0
21083,0,0
21085,0.87298161,8.261559
21087,0,0
21089,0.010930214,0.0070306328
21091,22.80130359674,107.21738776782
21093,0,0
21095,0.122140006,0.30535004
21097,0.257406761,0.165571539
21099,0,0
21101,2.75052684,4.1966498245
21103,0,0
21105,0,0
21107,0,0
21109,0,0
21111,17.854361515445,21.8272030252534
21113,0,0
21115,0,0
21117,0.201043007982,0.2390534648
21119,0,0
21121,0,0
21123,0,0
21125,0.56430693905,0.3691278698
21127,0.0021017292,0.0052543231
21129,0,0
21131,0,0
21133,0,0
21135,0,0
21137,2.57208472,1.65443984
21139,0,0
21141,3.8888958977838,3.2178890610798
21143,0,0
21145,0,0
21147,0,0
21149,0,0
21151,11.2619355102,7.2440052319
21153,0,0
21155,0.1005962867,0.0774811396
21157,28.253313380423,17.51300353181
21159,0,0
21161,2.780015240114,3.00406319311
21163,0.2310190092,0.1485981594
21165,0,0
21167,0.089603115661,0.28390174597
21169,26.94530775,9.364528317
21171,0,0
21173,0.0034416348,0.0022137598
21175,0,0
21177,2.030073223,2.167900705
21179,0,0
21181,0,0
21183,0,0
21185,1.19239235239,0.76698156266
21187,0,0
21189,0,0
21191,0.5882343228,2.003210442
21193,2.2578196686653,14.1129498480886
21195,0,0
21197,0.725030966,0.697076652
21199,10.02904995899,20.2791929571
21201,0,0
21203,0,0
21205,0,0
21207,0,0
21209,0.96661463131984,0.62177538979885
21211,0.83212036,0.53524405
21213,0.047006343,0.38698733
21215,0,0
21217,0,0
21219,0,0
21221,0,0
21223,0,0
21225,0,0
21227,0.214322686,0.868965764
21229,0,0
21231,0.193089664514,1.82732567753
21233,37.1150265483,44.88632291161
21235,0,0
21237,0,0
21239,0.8110040739344,0.833403126631
22001,11.63947448025,8.34221801595
22003,4.91440365,35.243783
22005,103.30494343322,67.7304092201
22007,9.834413701,92.822501602
22009,0,0
22011,9.437361533251,15.628358435635
22013,0,0
22015,0.81665944,0.436572295
22017,4.48705713378,5.1364273115
22019,114.6063715989,145.741501215193
22021,0.04490995,0.028887391
22023,7.1711696768,5.87434998
22025,0,0
22027,0,0
22029,0,0
22031,5.8684802,3.7747774
22033,188.0117386836,184.6172998348
22035,0,0
22037,0.321484797,0.206788402
22039,58.3130252717,33.9233410299
22041,0,0
22043,0,0
22045,34.846399,329.7739411778
22047,78.487786015,113.785593068
22049,4.934947172,10.05838571
22051,3.295625202808,2.129131121098
22053,0,0
22055,0.3158215421,0.48715313905
22057,29.23221955937,232.760389366081
22059,0.70586876,0.454035381
22061,44.50323436689,28.9975802666
22063,0,0
22065,0,0
22067,2.079168,1.33738154
22069,6.1604131728,16.47274805788
22071,11.889298528,7.621692747
22073,3.35842183527,7.20856749174
22075,95.387339345,183.148982735
22077,19.7963945,173.30907961
22079,40.74301633,30.31997034
22081,0,0
22083,5.82865931,3.749163577
22085,3.8130722,23.831699
22087,42.05190172105,66.573748266
22089,320.83791394181,318.275875267953
22091,0,0
22093,151.0881371702,127.54958707753
22095,49.2523729165,33.8455519531
22097,2.51653938315,1.5955346429
22099,0,0
22101,8.50174300164,3.776198470683
22103,0,0
22105,0,0
22107,0,0
22109,0.98591707973,0.645620671
22111,0,0
22113,5.177284707,3.330180553
22115,0.204876666,0.131782647
22117,11.89511793212,25.32651859212
22119,0.0034433254,0.203131005
22121,29.64527262,10.98724591
22123,1.108912934,0.713285078
22125,3.256780883,2.094856369
22127,0.0020695152,0.019585088
23001,0.57153971009,3.08375927009
23003,1.95822126888645,17.0670992182308
23005,0.4674840331,2.99607187012
23007,3.1635614613083,13.8982666622886
23009,0.0950734673,0.0868358548
23011,0,0
23013,0.00071712321,0.0031034548
23015,0,0
23017,2.666356327613,9.11435561904
23019,6.239035605872,18.99387481542
23021,0.92870951,8.7889462
23023,0.36341763,0.23376079
23025,6.64872900033978,64.3061732508478
23027,0.041932803,0.0269724
23029,2.049998269507,4.155850474317
23031,0,0
24001,2.765211644,9.45232525
24003,0,0
24005,9.501100270606,23.2957149709202
24009,0.611059811,0.3786395322
24011,0,0
24013,2.6543936149542,6.5694480244068
24015,0.609600960058,0.392934398129
24017,0.0154734,0.0386835
24019,0.0061126014,0.0116622653
24021,0.101467662,0.439116
24023,0.041544259,0.14837235
24025,0.095058067,0.5144283897
24027,0.162446935,0.1127008297
24029,0,0
24031,2.01662017,1.29714888
24033,0.00228740515,0.00331843011
24035,0,0
24037,0.0415002,0.0094494754
24039,0,0
24041,0.66233264966,0.53372880764
24043,3.77236354982,4.2976838734
24045,0,0
24047,0.30178833,0.19411904
24510,21.04266884732,16.85096754946
25001,0.004752358,0.00108209826
25003,1.0466308207,0.5793870811
25005,4.502761873382,2.875002731647
25007,0,0
25009,5.342116679511,3.757675106241
25011,0,0
25013,11.9553368008399,12.4797273178999
25015,6.4044459196,4.0628607429
25017,45.907582912914,29.601651250712
25019,0.086802266,0.0197646246
25021,5.93394051353,3.76134008304
25023,0.35404985635,1.84161302949
25025,11.908758304207,6.373965117397
25027,13.412841868805,9.047681684149
26001,1.9985283192,15.0138551701
26003,0,0
26005,0.4918945309,0.316400939
26007,1.61609916935043,4.36913949184272
26009,0,0
26011,0,0
26013,0.1383909949201,1.228665221759
26015,0,0
26017,0.25996801,0.167219
26019,0,0
26021,3.45003917,2.21916591
26023,0.0194003493,0.15316064
26025,0.000153914884,9.900254e-05
26027,0,0
26029,1.83993587,1.18350047
26031,0,0
26033,0,0
26035,3.76876803,2.42418144
26037,0.046029947,0.0347638749
26039,0,0
26041,7.8730352514,23.6124803114
26043,2.160685661,7.465744306
26045,0.018838702,0.2157335
26047,0.001326382,0.00085316756
26049,2.21644791,1.42568392
26051,0,0
26053,2.07033597,1.33170044
26055,0,0
26057,0.000191504639,0.033468759522
26059,0,0
26061,0,0
26063,2.790047819516,5.514318178906
26065,3.4069909549,5.0548098819
26067,0.000205167365,0.000131969632
26069,0,0
26071,3.07353602,1.97698796
26073,0,0
26075,1.081635797,2.5460371554
26077,0.7701341836,0.49982512475
26079,0.0767471397,0.0493660004
26081,0.99339248244,0.990170988599
26083,0,0
26085,0,0
26087,0,0
26089,0,0
26091,0.016319999,0.044855778
26093,0,0
26095,0.097506998,0.74664298
26097,2.287104,1.47113204
26099,1.8448684915,1.1866731803
26101,3.8929584151,7.03996352128
26103,30.101660639,35.1854342141
26105,0.212482542,0.710518866
26107,0,0
26109,0,0
26111,0.0045528651,0.00292853562
26113,0.11172575248,1.02395683093
26115,4.1662964375,9.420544064
26117,0.00036382081,0.00023402015
26119,0.882046709,8.24509998
26121,0.45067778,0.28988907
26123,0,0.045408238
26125,4.41602135568,3.80056633649
26127,0,0
26129,0,0
26131,0.3279108964355,0.25039873
26133,1.0329922254,0.6644507132
26135,0,0
26137,0.00078873601,0.00050733798
26139,5.433561800098,7.78312648992
26141,0,0
26143,0,0
26145,0.15282790309,0.155942969
26147,2.91180201422,2.14095173343
26149,0,0
26151,0.00031278721,0.688206892846
26153,0.447008214,1.163663999
26155,0.0080340477,0.0051677339
26157,0,2.3298001
26159,2.683301532,1.72597773
26161,2.383395806,1.533069706
26163,63.44654714988,74.062079535209
26165,0,0
27001,0,0
27003,0,0
27005,0.25809306,0.16601297
27007,0.2639384015,0.17781168914
27009,0.040902218687,0.02586081539
27011,0,0
27013,1.5676225818747,0.9627809135197
27015,0.30528372238,0.193129378511
27017,1.7805838008654,5.30582671406542
27019,0.519238486,0.3339893107
27021,0,0
27023,0,0
27025,0.25809306,0.16601297
27027,0.13027220841631,0.11691755072431
27029,0.083791447,0.0538971057
27031,5.9159046446,4.35564341198
27033,0,0
27035,0.0724810396686,0.05351374030422
27037,11.1581462334,21.1350850807
27039,0,0
27041,0.01633472031608,0.09037229760924
27043,0,0
27045,0.0049795228,0.00113382301
27047,0,0
27049,2.91009389189739,1.27415426370224
27051,0,0
27053,1.22338471536548,0.378386830089639
27055,0,0
27057,2.064e-05,1.32762498e-05
27059,0.241829389,0.082351984
27061,48.26742328498,31.6204007728
27063,1.3451939,0.99318051
27065,0,0
27067,0,0
27069,0.01485289,0.0095538106
27071,0.9509769737457,2.6568435110116
27073,0,0
27075,1.86048035,1.37362564
27077,0,0
27079,0,0
27081,0,0
27083,1.3553081391,0.7926970715
27085,0.019682355235,0.007865933135
27087,0,0
27089,0.04582491,0.029475919
27091,0.0079021065302,0.002523637503
27093,0,0
27095,0.07486347019,0.03770921763
27097,0.052013569,0.033456646
27099,1.09735919792,0.80687821901
27101,0,0
27103,0,0
27105,0.0027098812,0.00061703217
27107,0.10708646,0.068881139
27109,5.13837005722132,3.78809852180183
27111,7.932982571672,6.02414734986974
27113,0,0
27115,0.012147403,0.0027659286
27117,0,0
27119,1.07301542578166,2.8879093880353
27121,0,0
27123,0.0140951912,0.307096600519
27125,0,0
27127,0.00045994751,0.000295851664
27129,0,0
27131,1.5943825029,0.9814680939
27133,0,0
27135,0,0
27137,386.770708363656,262.093513395151
27139,0.146895798,0.0615618492
27141,0.236914814,1.31082457
27143,0,0
27145,0,0
27147,0.00988526987,0.00635849364
27149,0,0
27151,0.00093679578,0.0051831924
27153,0,0
27155,0,0
27157,0,0
27159,0,0
27161,0,0
27163,0.1668590407,0.3324326067
27165,0,0
27167,0,0
27169,0,0
27171,0.025099578,0.0101388143
27173,0.0090278064,0.00205560534
28001,0.0067670555,0.004352767
28003,2.37368829,9.52934889
28005,0,0
28007,0.1772807738,0.1140321658
28009,0.179178378,0.115252767
28011,0.75818705,0.590819321
28013,0.79488001,0.51129
28015,0,0
28017,0,0
28019,9.014874937,27.3749631858
28021,0,0
28023,0,0
28025,0,0
28027,0.43524969249,0.27996528637
28029,0,0
28031,1.0060799,0.64713997
28033,1.1909338486,0.7660434142
28035,0,0
28037,0,0
28039,0.00027901825,0.00017947267
28041,0,0
28043,0.37861294,3.583046
28045,0.28800002,0.18525
28047,19.33932588901,19.5593028667
28049,1.5320090562,1.469707101
28051,0,0
28053,0.54527998,0.35073998
28055,0,0
28057,0,0
28059,14.58845455086,29.90396841852
28061,2.59199993,1.6672501
28063,0,0
28065,0.0170046954,0.0109379157
28067,1.9917563956,6.4630523516
28069,0.3161861704,0.2033801684
28071,0,0
28073,6.53169545,9.8348098
28075,0.0027876634,0.0017931063
28077,4.494050846,8.408737091
28079,0,0
28081,0.65629905,6.2109594
28083,9.845431,7.25006899
28085,0,0
28087,4.073456382,13.223430696
28089,0,0
28091,0,0
28093,0,0
28095,6.29376,4.0483301
28097,0,0
28099,0.024278242,0.22975984
28101,0,0
28103,0,0
28105,0.20736,0.13338001
28107,0.71105734,0.457372801
28109,0,0
28111,1.471457093,5.13473829
28113,0,0
28115,0,0
28117,0,0
28119,0,0
28121,0,0
28123,0,0
28125,0,0
28127,0,0.0044710087
28129,0.03602623938,0.3075465593
28131,0,0
28133,0,0
28135,0,0
28137,0,0
28139,0,0
28141,0,0
28143,0,0
28145,0,0
28147,4.14720013,2.66760001
28149,5.6063211192,8.7909485706
28151,15.08352008,9.70215969
28153,0,0
28155,0,0
28157,0,0
28159,0,0
28161,0,0
28163,0.56946283704,0.36629510682
29001,0.052444365,0.033733744
29003,0,0
29005,0.002260508064,0.001454024772
29007,4.80433036341,3.6037015643
29009,0,0
29011,0,0
29013,0,0
29015,0,0
29017,0,0
29019,7.8025182957,10.14244976573
29021,7.121736826,5.161366342
29023,0.04471390959,0.03122984107
29025,0,0
29027,0.0036435802,0.0036435802
29029,0,0
29031,3.0586636685901,12.057382136001
29033,3.2782078e-05,0.038829085389
29035,0,0
29037,1.1114155492,1.12731821899
29039,0,0
29041,0,0
29043,0,0
29045,0,0
29047,0,0.0198
29049,0,0
29051,0,0
29053,0,0
29055,0,0
29057,0,0
29059,0,0
29061,0,0
29063,0,0
29065,0,0
29067,0,0
29069,0.224032524961,0.144104246187
29071,0,0
29073,0,0
29075,0.000296520958,0.000190730926
29077,7.7498759396,5.7023969169
29079,0,0
29081,0.0020171893,0.00045930818
29083,8.5213139,6.2914372
29085,0,0
29087,0.00042239999,0.0002717
29089,0.000117250562,7.541898e-05
29091,0.001233920007,0.000280960032
29093,0,0
29095,10.33860974018,7.95164020869
29097,3.526725999,2.5935632341
29099,0.2232893211521,0.97421666283
29101,0.0036583528,0.00235315924
29103,0,0
29105,0,0
29107,0.001100449286,0.006003245472
29109,0,0
29111,0,0
29113,0,0.001824
29115,0.00019828224,0.00012754092
29117,0.00625410088,0.00383054484
29119,0,0
29121,0.00014368127,9.2419992e-05
29123,0,0
29125,2.506644620395,0.878955340998
29127,0,0
29129,0,0
29131,0,0
29133,0,0
29135,0,0
29137,0.0019174381,0.00043659515
29139,0,0
29141,0,0
29143,0.059211206,0.110661613
29145,0,0
29147,1.207022008,0.77657181079
29149,0,0
29151,2.842792815,3.64931293
29153,0,0
29155,0,0
29157,0,0
29159,2.9053054,1.8687772
29161,0,0
29163,8.252655461,28.5716541571
29165,0,0
29167,0,0
29169,0,0
29171,0,0
29173,0.1409692697,0.610064939
29175,0.00030730004,0.00076825003
29177,0,0
29179,0,0
29181,0,0
29183,0,0
29185,0,0
29186,0.98465902,2.8224063
29187,0,0
29189,1.70161914,1.09453106
29195,0.00081529346,0.00052442052
29197,0,0
29199,0,0
29201,7.7569575,5.741439399
29203,0,0
29205,0,0
29207,0.0096285809,0.0061933841
29209,0,0
29211,0,0
29213,0,0
29215,0,0
29217,0.11464474,0.073742837
29219,0,0
29221,0,0
29223,0,0
29225,0,0
29227,0,0
29229,0.191392507,0.123109247
29510,0.908518014852,0.690500243444
30001,0,0
30003,2.368969626,1.745414549
30005,0,0
30007,0,0
30009,0.00103847395781,0.030798168317
30011,0,0
30013,0.0153308801,0.00893193982
30015,0,0
30017,0.013169825,0.0084712161
30019,0,0
30021,0.0067253495,0.00313727436
30023,0,0
30025,0.00097370002,0.02887716
30027,0,0
30029,0.006485051,0.061372001
30031,0.12124527015,0.52203686003
30033,0,0
30035,0,0
30037,0,0
30039,0,0
30041,0,0
30043,0.0016702459,0.0072282311
30045,0,0
30047,0,0
30049,7.0008464e-05,0.00038734943
30051,0,0
30053,0,0
30055,0,0
30057,0,0
30059,0,0
30061,0,0
30063,0.90455959,2.807425191
30065,0,0
30067,0,0
30069,0,0
30071,0,0
30073,0,0
30075,0,0
30077,0,0
30079,0,0
30081,0,0
30083,2.0863673218032,41.46623101815
30085,1.831522e-06,5.4317708e-05
30087,0,0
30089,0,0
30091,0,0
30093,0.000576391653,0.00037075194
30095,0,0
30097,0,0
30099,0,0
30101,0,0
30103,0,0
30105,0,0
30107,0,0
30109,0,0
30111,6.1156545103,8.3916925217
31001,6.349954776,4.660123334
31003,0,0
31005,0,0
31007,0,0
31009,0,0
31011,0,0
31013,0,0
31015,0,0
31017,0,0
31019,0,0
31021,0.0061812429,0.0045637214
31023,0.233653089527,0.150292475157
31025,0.262756824,0.169012846
31027,0.23330431,0.15006813
31029,0,0
31031,0,0
31033,0.0017876545,0.0011498714
31035,0,0
31037,0,0
31039,0.03188895741,0.02051190844
31041,0,0
31043,0,0
31045,0,0
31047,0,0
31049,0,0
31051,2.12928e-05,1.36961498e-05
31053,3.9118386558,2.7188861762
31055,10.482809102,8.01568158
31057,0,0
31059,0,0
31061,0,0
31063,0,0
31065,0.0053473004,0.00121756492
31067,0.076549934,0.049239151
31069,0,0
31071,0,0
31073,0,0
31075,0,0
31077,0,0
31079,1.81136067712,1.33656458165
31081,0,0
31083,0,0
31085,0,0
31087,0,0
31089,0,0
31091,0,0
31093,0,0
31095,0,0
31097,0,0
31099,0,0
31101,0,0
31103,0,0
31105,0,0
31107,0,0
31109,4.87438920753,3.52217731038
31111,0,0
31113,0,0
31115,0,0
31117,0,0
31119,0.000145079041,9.3319069e-05
31121,0,0
31123,0,0
31125,0,0
31127,0,0
31129,0,0
31131,0,0
31133,0,0
31135,0,0
31137,0,0
31139,0,0
31141,0,0
31143,0,0
31145,0,0
31147,0,0
31149,0,0
31151,0.00011647489,7.4920041e-05
31153,0,0
31155,0,0
31157,0,0
31159,0,0
31161,0,0
31163,0,0
31165,0,0
31167,0,0
31169,0,0
31171,0,0
31173,0,0
31175,0.004952372795,0.00138682928
31177,0,0
31179,0,0
31181,0,0
31183,0,0
31185,0,0
32001,0.00075353845,0.0076115006
32003,76.99821039443,107.76761761614
32005,0,0
32007,0.0008760367,0.0025110534
32009,0,0
32011,3.734852735,4.007352935
32013,15.710937967,19.6658575212
32015,0,0
32017,0,0
32019,0.859892238,3.46005386
32021,0,0
32023,0,0
32027,0.504023549249,0.324202621835
32029,0.58412385,0.13300332
32031,0.52441603,0.11940801
32033,0,0
32510,0,0
33001,0,0
33003,0.16050522977,1.51659118758
33005,0,0
33007,0.287936237042,2.723871614318
33009,0.6540785141,4.46487764083
33011,0.15126374,0.097297259
33013,47.64545352285,80.80400454551
33015,5.363695581,21.45047272
33017,7.13595086,4.59005159
33019,0.31559747,2.986692
34001,0.036509038,0.0119471787
34003,0.5653429769,0.3636450857
34005,0.3645331712,0.2326517485
34007,1.0721734490531,4.109718729959
34009,10.962040632,18.18939736
34011,1.72890907554,0.83322190376
34013,3.4135184195,11.1679369709
34015,10.565201354438,11.552902148972
34017,0.0996657444,0.0641079132
34019,0.03775117853,0.02428265909
34021,29.188960685998,29.409096035539
34023,4.19254245774,3.040173579914
34025,0.091010995756,0.020790938578
34027,0.00230400007,0.00148199999
34029,1.6763215134626,1.0616495724876
34031,0,0
34033,4.44526408,5.2619459
34035,1.21386403,0.661422009
34037,0,0
34039,2.08783495511,1.486419344
34041,0,0
35001,13.419990039607,8.6231371015
35003,0,0
35005,0,0
35006,0,0
35007,1.66146577433,1.186683368559
35009,1.8080002e-05,1.616e-05
35011,0,0
35013,2.233791945,1.436840069
35015,2.233094220694,1.43858240977
35017,0,0
35019,0,0
35021,0,0
35023,2.63519963585,2.10685259067
35025,7.493076767284,5.083987947318
35027,0.019200001,0.01235
35028,0.73157919206,0.47079719007
35029,2.694933731,1.733459949
35031,3.147862895,6.2962501939
35033,0,0
35035,0.0836682,0.0203306015
35037,0.40015459,0.2573911
35039,0,0
35041,0,0
35043,0,0
35045,32.0539033144,27.0313092447
35047,0.00038938751,0.00025046541
35049,0.003277,0.0029289997
35051,0,0
35053,0,0
35055,0,0
35057,1.25027,11.832071
35059,0,0
35061,0.0751480104,0.194014005
36001,3.40680826998,2.19191756677
36003,0.3422111728,0.2201202007
36005,4.690424206774,3.017684606918
36007,6.466907919,4.737572675
36009,0.070688531399,0.039522724049
36011,0.02092636172,0.135521761513
36013,20.8042036865,16.2770229693
36015,0,0
36017,0,0
36019,0.581946413,0.374324892
36021,0.24359998,0.15669061
36023,0,0
36025,0,0
36027,0.037315395,0.20646213
36029,10.29873683245,8.49513620785
36031,0.026225816,0.026225816
36033,1.298444e-05,3.2461099e-05
36035,0,0
36037,0.741661378,0.477058209
36039,2.25862399039,1.45281276818
36041,0,0
36043,0,0
36045,1.076246193706,1.3123576139524
36047,5.39568540352212,3.42046047454001
36049,0.417245322,0.268384353
36051,0,0
36053,0,0
36055,3.909501626844,2.614283647414
36057,0,0
36059,0.85788442929,0.57340969489
36061,10.864057884172,6.256841888822
36063,0.038882171,0.0250101487
36065,0.532406321,0.374368975
36067,8.108044986,6.9026262008
36069,0.046729706,0.53513056
36071,9.8928431845,7.30396662307
36073,0,0
36075,0.759366082805,0.48913042047
36077,0,0
36079,0.3912307004,0.251650998824
36081,2.00917892515,1.20882703222
36083,1.1901563304,0.7655431792
36085,0,0
36087,0.48821879043,0.31403655571
36089,0.0030148723,0.0019392539
36091,0.024792872,0.015947498
36093,0,0
36095,0,0
36097,1.58715481,1.02090418
36099,0,0
36101,0,0
36103,1.3807183419953,0.888130928062
36105,0,0
36107,0,0
36109,14.72321215302,10.8702263553
36111,0,0
36113,0.03474696506,0.14867570506
36115,0,0
36117,0,0
36119,0.84759782148,0.70450728
36121,0.01129609,0.0072659743
36123,4.56347238,5.8451667
37001,0,0
37003,0,0
37005,0,0
37007,5.145492907,3.1655249238
37009,0,0
37011,0,0
37013,0,0
37015,0,0
37017,0.16667520918,0.04753400178
37019,7.0264746761,5.1551256821
37021,15.349178786,15.1486320466
37023,0.55691440017,0.35822356764
37025,0,0
37027,0,0
37029,0,0
37031,0.27215308,0.17505679
37033,0,0
37035,54.40475898417,40.09032590154
37037,1.323029522,9.415912372
37039,0,0
37041,0.27215308,0.17505679
37043,0,0
37045,1.16189748,16.2665639
37047,1.527874135137,1.67861574321
37049,0.7676420895,2.6557640157
37051,0.3068899286,0.19624689315
37053,0,0
37055,0.54430616,0.35011358
37057,0.30456157,0.19996482
37059,0,0
37061,1.0263137005,9.712633605
37063,0.33979401453,0.2394340469
37065,8.6076812,6.3552042
37067,2.743368429148,5.0843640246582
37069,0,0
37071,38.08361206387,34.74791383064
37073,0,0
37075,0,0
37077,0,0
37079,0,0
37081,0.064281598,0.041347802
37083,9.0955097816,8.1822080527
37085,0,0
37087,6.11094604,7.48377076
37089,0,0
37091,0.9537009897712,2.7088777382712
37093,0,0
37095,0,0
37097,18.689544103,12.4832250001
37099,2.50943991,23.18256201
37101,0,0
37103,0,0
37105,0.00041050691,0.003379565
37107,0.0018000001,0.0018000001
37109,0.04047777117,0.02603648354
37111,0,0
37113,0,0
37115,0,0
37117,1.40738673,5.339015249
37119,0.0220138682,0.18914472355
37121,0,0
37123,1.9118669082,11.971877529
37125,0,0
37127,0,0
37129,1.845196502916,4.715816039816
37131,0,0
37133,0,0
37135,0.08375556313,0.05409749784
37137,0,0
37139,0,0
37141,0,0
37143,0,0
37145,2.505985163,18.34354611
37147,0.0066426671,0.062863618
37149,0,0
37151,0,0
37153,6.345370413,3.8924566233
37155,0.70306921105,0.45223462967
37157,7.17013977286,4.52183106426
37159,7.190971693807,8.1466565397
37161,21.84454387,20.67850879998
37163,0.062920004,0.047520004
37165,0.209578593,2.4000131
37167,0.00421637769,0.00271209704
37169,0.045000002,0.112500005
37171,1.2968459002,12.314363121
37173,0,0
37175,0,0
37177,0,0
37179,0.00035404417,0.00022773154
37181,0.0203174,0.232667
37183,0,0
37185,0,0
37187,0,0
37189,0,0
37191,0.0550657618,0.0354199043
37193,0,0
37195,0.026746798,0.30629402
37197,0,0
37199,0,0
38001,0,0
38003,0,0
38005,0,0
38007,0,0
38009,0,0
38011,0,0
38013,0,0
38015,0,0
38017,0.3720193634,0.2384815986
38019,0,0
38021,0,0
38023,0,0
38025,0,0
38027,0,0
38029,0,0
38031,0,0
38033,0,0
38035,1.7242244,1.25201498
38037,0,0
38039,0,0
38041,0,0
38043,0,0
38045,0,0
38047,0,0
38049,0,0
38051,0,0
38053,0,0
38055,0,0
38057,244.98626601283,154.2485849286
38059,20.51868504,46.5131227
38061,0,0
38063,0,0
38065,0,0
38067,0,9.1153564
38069,0,0
38071,0,0
38073,0,0
38075,0,0
38077,0.310105122,2.2902511806
38079,0,0
38081,0,0
38083,0,0
38085,0,0
38087,0,0
38089,2.5649016,1.8937122
38091,0,0
38093,1.0153656,20.179504
38095,0,0
38097,0.0089783352,0.00334315777
38099,0,0
38101,0,0
38103,0,0
38105,8.87619543021,5.70942768115
39001,4.1267545690003,0.941546107902
39003,12.2295252688,25.4834404196
39005,0,0
39007,3.75403205002,5.65346399998
39009,2.910059862,1.875686219
39011,4.46651398058,3.59584372973
39013,0,0
39015,0,0
39017,130.579744473584,127.523819210593
39019,0,0
39021,0,0
39023,0.23375665,0.15035909
39025,0,0
39027,0,0
39029,0,0
39031,0.01759452101,0.16553930999
39033,0.0305315261,0.01963876575
39035,134.071879916399,137.357746360988
39037,0.07718749826,0.0496492513999
39039,3.24539225172,44.81135630574
39041,0.00282724142,0.0303528807
39043,0.38788891204,0.28645729797
39045,1.958458038,1.46955425
39047,0,0
39049,7.221569678062,4.986987783004
39051,0.23320596948,2.0750835693
39053,0,0
39055,0,0
39057,0.028186139,0.1219796
39059,0,0
39061,9.1457709756009,6.580966292345
39063,0,0.038110439
39065,0,0
39067,0,0
39069,0.06881550907,0.04786491147
39071,0,0
39073,0,0
39075,0,0
39077,0,0.0401853705
39079,0,0
39081,0.153138118,15.1925401647
39083,0,0
39085,23.9906829967903,22.1850091948299
39087,0.762488256,0.672395227
39089,0.2267184096,1.866495936
39091,0.32323393,0.20791349
39093,13.42001076248,32.0000069436
39095,6.2156271461,22.8273298913
39097,0,0
39099,0.00022600002,0.29453804998
39101,1.041791005342,5.585626091254
39103,0.0282390793,0.0181641993
39105,0,0
39107,0,0
39109,0,0
39111,5.526570564482,9.317751818602
39113,12.47016151195,13.08129381839
39115,0,0
39117,0,0
39119,0.7950694458,0.861809428
39121,0,0
39123,0,0
39125,0.13138391,0.56858293
39127,2.21201023153,7.20491040996
39129,0.8453192318,0.5437339781
39131,0,0
39133,2.66706057,1.715531141
39135,0,0
39137,0.72042239,0.4633967
39139,13.2431346384,15.65606653389
39141,1.5798846299504,4.54230707244
39143,2.719581809,6.9405481079
39145,11.347803422,8.378284064
39147,0.2038677952,0.497792148
39149,0.038365476,0.31584999
39151,2.91654650795,5.38802342105
39153,0.2429289704,0.2160592402
39155,49.57767406634,60.5497229757
39157,8.30648837474,6.76017987001
39159,0.098111995,0.063108499
39161,0.075238656,0.048395699
39163,1.085114118,0.6979770446
39165,0.01762071965,0.011334160837
39167,39.493449721545,19.860257627831
39169,25.9406713582,23.195913957
39171,0.16738976704708,0.107662241250037
39173,5.82129916768,5.51789445332
39175,0,0
40001,0,0
40003,0,0
40005,0,0
40007,2.26944007,1.45977002
40009,1.47839993,0.95094997
40011,0,0
40013,0.027196424,0.31144294
40015,2.4641871177,1.7325727829
40017,0.732892853,0.471418057
40019,1.366014389,2.76237252857
40021,0,0
40023,0.0256298,0.149662
40025,0,0
40027,0,0
40029,0,0
40031,0.341684515,0.219781448
40033,0,0
40035,0,0
40037,0,0
40039,2.053248043,1.320708981
40041,0,0
40043,0,0
40045,0,0
40047,0.00960962436,0.008435867
40049,0.008406396,0.013987303
40051,0,0
40053,0,0
40055,0.000567260155,0.000364878275
40057,0,0
40059,0.00053199358,0.00034219378
40061,0,0
40063,0,0
40065,0,0
40067,0,0
40069,0,0
40071,14.7921074276,15.1498311437
40073,0.764949090854,0.492037540523
40075,0,0
40077,0,0
40079,6.71317909,5.84869017
40081,0,0
40083,0.0269601442,0.0173415506
40085,0,0
40087,0.60836327,0.39131696
40089,0.0847932577,0.309723757
40091,0,0
40093,0,0
40095,0,0
40097,46.469200205,29.38838901
40099,0,0
40101,1.4300568298,1.097874894
40103,0,0
40105,0,0
40107,0.0181776425,0.0116923894
40109,7.3307991474,3.5521200609
40111,0.149189997,1.251920011
40113,0.00071329921,0.000458814851
40115,0,0
40117,0,0
40119,0.0121891321,0.00277543027
40121,0.7755925,0.4988837
40123,4.2550575e-05,0.00018414377
40125,0,0
40127,0,0
40129,0,0
40131,1.45687801e-06,6.3048508e-06
40133,1.63837200525,1.05384862952
40135,0,0
40137,0,0
40139,0,0
40141,0,0
40143,4.4959397281,4.6086085159
40145,1.24755907,0.80246639
40147,0,0
40149,0,0
40151,0,0
40153,10.15333662931,9.63521214276
41001,0.26286232,1.1375748
41003,0,0
41005,0.7037157,0.45265046
41007,9.06900058769,28.29623059339
41009,31.63824685997,34.06133093779
41011,0.51008791,4.8272738
41013,0.011904,0.0076569999
41015,0,0
41017,1.737984,1.11792196
41019,2.758162101,22.10038
41021,0,0
41023,0.52560318,4.9741039
41025,0,0
41027,0,0
41029,3.3099669525,22.8148124889
41031,0.109824004,0.070641999
41033,0,0
41035,4.9594562541,3.190066847
41037,0,0
41039,25.2157210987,16.41158991896
41041,16.58932189996,38.71790007423
41043,8.37663801109816,10.2797030203024
41045,0,0
41047,0.025992002,0.143811
41049,0.37171202,0.23909601
41051,0.770926180927,0.6677086661139
41053,0.0088320002,0.0056809997
41055,1.79327991,1.15349
41057,0.27267686,2.5805078
41059,2.42737502,1.56135838
41061,0,0
41063,0,0
41065,0.0080442801,0.020110702
41067,0,0
41069,0,0
41071,0.2348267146,0.35559169
42001,0.91029242463,0.54386704125
42003,79.2046124208327,97.086351821683
42005,0.00079290895,0.00198227227
42007,4.18107431993,3.1933316587
42009,0,0
42011,34.7551278235919,29.459987073562
42013,0.251566443600006,0.762561587900006
42015,0.8431301775,0.555923053
42017,4.26786669626,2.65209155461
42019,1.8938161975,4.0420316019
42021,3.503315231,36.3380691597
42023,0,0
42025,2.14982757451,12.3292439966
42027,0.00224700006,0.00165899995
42029,0.1579759361005,1.1727414821005
42031,2.43539088,6.44986386
42033,0,0
42035,0.2114386,0.13600346
42037,0.28892161303,0.18584278704
42039,40.219057999,27.26927905
42041,48.46391873548,32.85942629903
42043,0.388250488421,1.704622573151
42045,23.900477125602,32.493879560602
42047,1.512699860996,3.212707966
42049,1.012763936,2.060710103
42051,0.576054711,0.3705351738
42053,0,0
42055,2.2453673797,1.44428585274
42057,0,0
42059,0.92544001,0.59527004
42061,0.25728002,0.16549
42063,0.07067734096,0.044478242339
42065,2.69668,1.828400006
42067,0,0
42069,8.2763444443,8.2021555576
42071,2.5990678132631,2.400812514895
42073,0.1097384979,0.482320151
42075,0.342454938,0.688339013
42077,0,0
42079,0.8789257645,3.29280342233
42081,0.0011957509,0.011316122
42083,7.62673593049682,5.17184877675682
42085,0.26879999,0.38890001
42087,0,0
42089,0,0
42091,3.66802296305,3.1941843482
42093,0.00260527574,0.0065131887
42095,4.559867255939,24.2110502052191
42097,0.3931639641,6.750485453
42099,0,0
42101,14.6008623171812,9.8945492848308
42103,0,0
42105,0,0
42107,2.23540449651,39.9911702383
42109,6.75493874,16.00151932
42111,0,0
42113,0,0
42115,0,0
42117,0.245263195355,0.29696310843
42119,0.277816499472,0.17881141381
42121,2.006932297,12.6417780936
42123,1.143498807083,1.290067472963
42125,25.81705847,30.3324759
42127,0,0
42129,8.27180529883,6.44256821571
42131,1.8436026002,1.1867534602
42133,2.14250762121,4.7832556094
44001,0,0
44003,0,0
44005,2.690912543841,1.730873414968
44007,3.927718809,1.4681096477
44009,0,0
45001,0.52893906,0.34022904
45003,21.69266831148,29.53336519293
45005,1.8418046203,13.420888123
45007,12.7169118441,19.5770568644
45009,0,0
45011,0,0
45013,0.52893906,0.34022904
45015,5.56307850489,4.18358569987
45017,34.1160923300344,21.946511293604
45019,6.8712353126,12.87805965
45021,0.1051443295,0.0676318998
45023,0.0017980001,0.020590002
45025,0.01998985,0.012858055
45027,0,0
45029,10.98207307,12.5376128
45031,6.64742477414,7.44339023666
45033,0,0
45035,8.07997712193,6.95246952845
45037,0,0
45039,0.00151599362,0.00097513136
45041,2.715997062712,3.872717948219
45043,37.057515695927,37.154835563229
45045,0.73710085899843,0.4868996892218
45047,0,0
45049,0,0
45051,5.06303994,5.7731535
45053,23.2795515395,14.95897569936
45055,1.9755484426,1.45858242989
45057,0,0
45059,0.0212696399,0.035896534
45061,0,0
45063,8.35616074579,9.16458097199
45065,0,0
45067,0,0
45069,0.392181018,1.69047102
45071,0,0
45073,0,0
45075,1.5179616375999,6.5691596295499
45077,0.1725731757,0.12640114739
45079,0.127488883,0.3649885374
45081,0,0
45083,0.994879518,0.6399355444
45085,0,0
45087,0,0
45089,2.32927963114,1.52799040512
45091,5.738909531359,44.524476124909
46003,0,0
46005,0.23240146582,0.14948741027
46007,0,0
46009,0,0
46011,0,0
46013,0.0900418376,0.0609969656
46015,0,0
46017,0,0
46019,0,0
46021,0,0
46023,0,0
46025,10.61783998,6.82970427
46027,0.0093659069,0.0060244245
46029,0,0
46031,0,0
46033,0,0
46035,0,0
46037,0,0
46039,0,0
46041,0,0
46043,0,0
46045,14.104321,9.0723095
46047,0,0
46049,0,0
46051,0,0
46053,0,0
46055,0,0
46057,0,0
46059,0,0
46061,0,0
46063,0,0
46065,0,0
46067,0,0
46069,0,0
46071,0,0
46073,0,0
46075,0,0
46077,0,0
46079,0,0
46081,0,0
46083,0,0
46085,0,0
46087,0,0
46089,0,0
46091,0,0
46093,0,0
46095,0,0
46097,0,0
46099,0.091290361267,0.51495407287
46101,0,0
46103,4.45519045125,15.1668307617
46105,0,0
46107,0,0
46109,0,0
46111,0,0
46113,0,0
46115,8.333568e-05,5.360394e-05
46117,0.008801745,0.00200413173
46119,0,0
46121,0,0
46123,0,0
46125,0,0
46127,0,0
46129,0,0
46135,0.0010054541,0.00064673739
46137,0,0
47001,0.0290121658706,0.0231096504792
47003,0,0
47005,0,0
47007,0,0
47009,0.788442122,0.599250461
47011,0,0
47013,0,0
47015,0,0
47017,0.024714669,0.19511579
47019,0,0
47021,0,0
47023,0,0
47025,0,0
47027,0,0
47029,0,0
47031,0.013137447024,0.003011186141
47033,0,0
47035,2.6076443,0.90264601
47037,0.54012777731,0.8635958028
47039,0,0
47041,0,0
47043,0,0
47045,0.79042554,0.50842476
47047,0,0
47049,0,0
47051,0,0
47053,0,0
47055,0,0
47057,0,0
47059,0.00039195,0.0073779
47061,0,0
47063,0,0
47065,0.2765737979698,1.8247173581833
47067,0.24840346,0.15978035
47069,0.24840346,0.15978035
47071,2.306535537,7.6228686795
47073,2.120733258,2.33282128
47075,4.052212651,2.606501377
47077,0,0
47079,7.5548161,4.85947809
47081,0,0
47083,0,0
47085,0.020452607,0.013155714
47087,0,0
47089,0,0
47091,0,0
47093,0.0054381101036,0.004043208547
47095,0,0
47097,0,0
47099,0,0
47101,0,0
47103,0,0
47105,4.634148013,33.0465505
47107,1.3455006835834,5.093000303954
47109,0,0
47111,0.733440006,0.471770013
47113,1.89473698,17.844521098
47115,0,0
47117,0,0
47119,0.2750483266,0.195197094
47121,0,0
47123,0,0
47125,0,0
47127,0.22805372,2.1582117
47129,0,0
47131,0.51302399,0.32999198
47133,0,0
47135,0.69811199,0.449046002
47137,0,0
47139,0,0
47141,0.0723712199,0.0400816169
47143,0.14695311,1.3907071
47145,0.378990329,0.822505031
47147,0,0
47149,0,0
47151,0.022384088,0.014398099
47153,0,0
47155,0,0
47157,13.66167155472,16.32518535036
47159,0,0
47161,0.02828,0.070700004
47163,1.555525119,1.985934101
47165,0.078662097,0.69994104
47167,0.62208003,0.40014002
47169,0.163829762,0.105380078
47171,0,0
47173,0,0
47175,0,0
47177,0,0
47179,0,0
47181,1.5217919e-05,9.7886095e-06
47183,0.713360881,0.4588545059
47185,0,0
47187,0,0
47189,0.026711041,0.01718132
48001,0.046079997,0.02964
48003,0,0
48005,0,0
48007,0,0
48009,0,0
48011,0.0242304,0.0155857
48013,4.03501764,70.85126882
48015,0,0
48017,0,0
48019,0,0
48021,2.141887096382,1.37862275593
48023,0,0
48025,0,0
48027,0.000208986011,0.00026334002
48029,3.35075451267,2.8269252496
48031,0,0
48033,0,0
48035,0.9252686149,0.5951597657
48037,1.566072149,1.506607206
48039,197.40521659126,140.84624780783
48041,0.77202059669,0.49658616084
48043,0,0
48045,0,0
48047,0,0
48049,0.04675968,0.030077191
48051,0,0
48053,0,0
48055,0,0
48057,44.6142492911,31.46967780864
48059,0.476160005,0.306280002
48061,0.0105009098,0.0067544914
48063,0,0
48065,0.16573441,0.1066052
48067,0.514016438,0.55095143
48069,0,0
48071,17.132941209,11.020407472
48073,1.0626856549,0.6835503457
48075,0,0
48077,0.0153204477,0.0098545588
48079,0,0
48081,0,0
48083,0,0
48085,0.317556947,0.2042618968
48087,0,0
48089,0.59160501,0.38053757
48091,0.91863774177,3.162244263
48093,0,0
48095,0,0
48097,0,0
48099,0,0
48101,0,0
48103,0,0
48105,0.33024,0.212420012
48107,0,0
48109,0.65333766,0.4202458
48111,0,0
48113,5.1798937942,1.9890742382
48115,0.4572672,0.294127582
48117,0.16512001,0.10621001
48119,0,0
48121,0.930231067,0.353476019
48123,0,0
48125,0,0
48127,0,0
48129,0,0
48131,0.19077121,0.1227096
48133,0.18624002,0.119795
48135,2.7193406815,3.8873227282
48137,0,0
48139,28.3672366489,140.0890567709
48141,5.678817980002,8.24446057861
48143,0,0
48145,0,0
48147,0.22855011,0.14701009
48149,0.35328001,0.22724
48151,0,0
48153,0,0
48155,0,0
48157,0.0817200101,0.0722720031
48159,0,0
48161,0.321732603,0.9295453
48163,0.0091525046,0.0058871587
48165,9.63878422,6.19994724
48167,19.06643323135,25.55906208624
48169,0,0
48171,0,0
48173,0,0
48175,0,0
48177,0,0
48179,3.091842754222,1.837144274767
48181,0,0
48183,0.46996334,0.31423566
48185,0.26425758,0.169978191
48187,1.164815428,1.675009614
48189,0.166464,0.1070745
48191,0,0
48193,0,0
48195,0.69504002,0.44707
48197,0,0
48199,0.01300277,0.008363761
48201,178.34929909062,148.24793904787
48203,17.805421168,10.93458174
48205,0,0
48207,0,0
48209,1.621489659,3.51549398
48211,0.0123264,0.0079287002
48213,1.46674526,0.943453301
48215,1.8100187098,1.2065988227
48217,0,0
48219,0,0
48221,0.016735682,0.13777921
48223,0,0
48225,0,0
48227,2.284267039,2.106576945
48229,6.97213454,4.484680234
48231,0.459916578,0.29583174
48233,57.2359463836,39.2651297779
48235,0,0
48237,3.16311541,2.03460806
48239,0,0
48241,2.6865979052,11.7941555689
48243,0,0
48245,225.921360706392,176.158832434558
48247,0,0
48249,0,0
48251,1.821709221,5.753569158
48253,0,0
48255,0,0
48257,3.51527751953,3.1586661384
48259,0,0
48261,0,0
48263,0,0
48265,0,0
48267,1.44383994,0.92871998
48269,0,0
48271,0,0
48273,2.45708047,1.58046584
48275,0,0
48277,2.388670433,1.536462425
48279,0.0025730308,0.021182891
48281,0,0
48283,0,0
48285,0.29951999,0.19265999
48287,0,0
48289,1.404773873,3.45473409
48291,0.2243512,1.402195
48293,0.31200601,2.56864
48295,0,0
48297,0.4077891741,0.73112944489
48299,0.72187597,0.46433165
48301,0,0
48303,3.12238137527,2.00840661742
48305,0,0
48307,0,0
48309,2.42121174,8.64546268
48311,0,0
48313,0,0
48315,0.7475177791,0.503532129
48317,0,0
48319,0,0
48321,1.60678121005,1.03532958911
48323,0,0
48325,0,0
48327,0,0
48329,0.72192002,0.46435996
48331,9.92685986002,57.6926732
48333,0,0
48335,0.018278773,0.0117574398
48337,0,0
48339,0.049689602,0.031961799
48341,0,0
48343,0,0
48345,0,0
48347,0.29708162,1.85676
48349,0.054910485,0.62881362
48351,0.848193379,1.454100786
48353,1.2596329332,1.60544966455
48355,130.5188177909,97.2456209891
48357,0,0
48359,0,0
48361,15.8162596663,13.9837987627
48363,0.6975453693,0.4486815295
48365,3.4136220108,11.4054710697
48367,0.004080238044,0.001049014159
48369,0,0
48371,0,0
48373,1.023470140001,3.008252840001
48375,0.991207623,0.7754721
48377,0,0
48379,0,0
48381,0,0
48383,0.092159994,0.05928
48385,0,0
48387,0,0
48389,5.7753602,3.7148798
48391,0,0
48393,0,0
48395,24.83908940004,391.8160595
48397,0,0
48399,0,0
48401,0.44298814631,0.327499725774
48403,0,0
48405,0,0
48407,0.01300277,0.008363761
48409,7.265644348,8.042804068
48411,0,0
48413,0,0
48415,24.7163840515,16.1845883346
48417,0,0
48419,0,0
48421,0,0
48423,9.052597937504,8.5848149524
48425,0,0
48427,0,0
48429,0,0
48431,0,0
48433,0,0
48435,4.30141438,2.76679522
48437,0,0
48439,0.7579241732,0.54613282697
48441,0,0
48443,0,0
48445,0.065286698812,0.04199431014
48447,0,0
48449,0.05596670284,0.45816593455
48451,0,0
48453,8.76638163231,6.451483829483
48455,0,0
48457,0,0
48459,0,0
48461,0,0
48463,0,0
48465,0,0
48467,0,0
48469,39.7488838761,26.21856754263
48471,0,0
48473,0.40592644,0.26110372
48475,0.5687693822,0.3658490285
48477,0,0
48479,1.16437943,1.68807489
48481,1.2141955278,0.9574147057
48483,3.8399998e-05,2.4699999e-05
48485,0.2781020346,2.9932727375
48487,18.086154879,25.17558603
48489,0.051571198,0.033172097
48491,0,0
48493,0,0
48495,0,0
48497,1.3759242103,0.8850346197
48499,1.3900416,0.89411533
48501,3.196467446,2.0560610482
48503,1.35222811,0.86979255
48505,0,0
48507,0,0
49001,0,0
49003,0.50436479,2.97504257
49005,0,0
49007,7.2130722521,8.0186712302
49009,0.60864,0.39149498
49011,0.020847559985,0.008359606232
49013,0.0035344423,0.0022734562
49015,0,0
49017,0,0
49019,0,0
49021,0,0
49023,29.063811842,18.694690575
49025,0,0
49027,1.6930598396,7.217414978
49029,0.080809399,0.3497144
49031,0,0
49033,0,0
49035,7.214741292,13.1129488734
49037,0,0
49039,0,0
49041,0,0
49043,0,0
49045,0.209364582,3.3230545
49047,0,0
49049,23.4784205527,15.10128283103
49051,0,0
49053,3.74246401,2.407262
49055,0,0
49057,0.033408001,0.021489
50001,4.3476477e-05,2.796534e-05
50003,0,0
50005,0,0
50007,0,0
50009,0,0
50011,0,0
50013,0,0
50015,0,0
50017,0,0
50019,0,0
50021,0,0
50023,0,0
50025,0,0
50027,0,0
51001,3.62019116,1.0182318271
51003,0,0
51005,0.34146094,0.21963765
51007,0.34146094,0.21963765
51009,1.121572851917,0.72350309405
51011,0,0
51013,0,0
51015,0,0
51017,0,0
51019,0.84661639,0.5445683
51021,0,0
51023,0.4848618489,2.0983099669
51025,0,0
51027,0.669874849,2.059699269
51029,1.48323315,0.95405882
51031,3.1995745504,9.17406952473
51033,1.504997385,0.4936100778
51035,0,0
51036,0,0
51037,0,0
51041,4.559112300801,3.366151532506
51043,0,0
51045,0,0
51047,0.34146094,0.21963765
51049,0,0
51051,0,0
51053,0.02966995027,0.16630302499
51057,0,0
51059,0.04073160914,0.0363575569
51061,9.135583013,4.4153038623
51063,0,0
51065,11.03505429657,7.097698098821
51067,0,0
51069,0,0
51071,8.2842093713,9.2521418238
51073,0,0
51075,0,0
51077,0,0
51079,0,0
51081,3.4560001,21.6
51083,36.94088175,36.62782755
51085,2.681831813,1.92776563619
51087,1.122499993995,0.397509897998
51089,0.0459957151,0.046778301
51091,0,0
51093,0,0
51095,0,0
51097,0,0
51099,11.57945903,11.66948715
51101,2.006570871317,17.443779127317
51103,0,0
51105,0,0
51107,0.292321364004,0.188029604505
51109,25.5376088212999,15.2203706740796
51111,0,0
51113,0,0
51115,0,0
51117,5.777425016,4.225816401
51119,0,0
51121,0.51529581121921,0.38154680906921
51125,0,0
51127,0,0
51131,0.34146094,0.21963765
51133,0,3.51528
51135,0,0
51137,0,0
51139,6.5937602e-05,1.50138017e-05
51141,0,0
51143,1.02749417452,0.6883576022
51145,0,0
51147,0,0
51149,0.34146094,0.21963765
51153,1.315196315,0.8007913137
51155,0,0
51157,0,0
51159,0.47209601167,0.249382879433
51161,0,0
51163,0,0
51165,0.9179628852741,0.5904689296847
51167,0,0
51169,0,0
51171,0.247800738,0.356284567
51173,0,0
51175,2.227332625,2.19968542
51177,0,0
51179,0,0
51181,0.016135029,0.010378523
51183,0.410760988,0.264213436
51185,0,0
51187,1.06664918,0.68609988
51191,3.5938476565,2.3116675535
51193,0,0
51195,5.0720892,3.7448136
51197,0.64051199,0.41199598
51199,1.26270177,1.46803725
51510,12.472061136031,16.256850349173
51515,0,0
51520,0,0
51530,0,0
51540,0,0
51550,20.94993523403,17.17004638435
51560,0,0
51570,0,0
51580,5.62774511,61.18125111
51590,0,0
51595,0,0
51600,0,0
51610,0,0
51620,0,0
51630,0,0
51640,0,0
51650,0.010156971763675,0.01264832604571
51660,0,0
51670,21.9357100298001,15.5344439133303
51678,0,0
51680,0.132993959,1.09489426
51683,0,0
51685,0,0
51690,0,0
51700,0.004842962,0.004842962
51710,0.00140490397,0.0028156002
51720,0,0
51730,0,0
51735,0,0
51740,6.644605550394,7.44560802326
51750,0,0
51760,10.4054314289368,7.66820514896812
51770,0.102400688001,2.294610191993
51775,0,0
51790,0,0
51800,1.5809601e-05,3.5998003e-06
51810,0,0
51820,2.038977468231,1.479607187232
51830,0,0
51840,0,0
53001,0,0
53003,0,0
53005,0.34694925,0.22316787
53007,3.17400028,5.3820003
53009,3.5830002215,32.8764990015
53011,3.23283416,5.60351634
53013,0,0
53015,6.187974325,6.555950557
53017,1.1520001,0.741
53019,0,0
53021,0,0
53023,0,0
53025,0,0
53027,5.75621462,43.10180523
53029,4.6271996,1.0536001
53031,0.87278000006,2.98178010006
53033,0.747649175,3.547602881
53035,0,0
53037,0,0
53039,3.49165953,2.245937177
53041,0.329250336,0.211783408
53043,0,0
53045,0,0
53047,0,0
53049,0,0
53051,0,0
53053,40.2107267562,28.386263427
53055,0,0
53057,41.3715204554,26.921385607
53059,0,0
53061,0.0020776002,0.0196616
53063,1.239400104,1.359199992
53065,0.18550001,1.7555
53067,0,0
53069,0,0
53071,0.260100004,0.88909999
53073,12.149547232,14.573762281
53075,0,0
53077,0,0
54001,0,0
54003,0,0
54005,0,0
54007,0.216668161,0.13936728
54009,3.88998861005,2.61018274901
54011,0,1.1464
54013,0,0
54015,0,0
54017,0.13651201,0.087808505
54019,28.756876482,14.63719180092
54021,0,0
54023,0,0
54025,0,0
54027,0,0
54029,2.74599638818,1.77276950328
54031,0,0
54033,0.0775257491,0.5696621078
54035,0,0
54037,0.28034002,0.20698
54039,10.8655996795,12.3591526062
54041,0,0
54043,0,0
54045,0,0
54047,0,0
54049,1.21753699,12.56619592
54051,0.6220722099,2.1938006001
54053,0,0
54055,0,0
54057,2.11167080012,0.73151776002
54059,0,0
54061,0.35670459,5.8107531
54063,0,0
54065,0,0
54067,0,0
54069,0,0
54071,0.0653295354,0.0420218618
54073,0.1413459384752,0.048949623937
54075,0,0
54077,8.57440008,9.7773842
54079,0,0
54081,0,0
54083,0,0
54085,0,0
54087,0,0
54089,0.177984,0.1144845
54091,0.067084,0.76822001
54093,2.21676031,0.767340061
54095,0.67554432,0.43452981
54097,5.1405761e-05,0.00048648415
54099,3.9228239884,2.5232747388
54101,0,0
54103,0.056140803,0.0361114
54105,0,0
54107,0.2386800336,0.6190316209
54109,0,0
55001,0,0
55003,0,0
55005,0.2839255444,0.18035989091
55007,0.81546626,0.52453166
55009,6.23123262249721,11.1989275448575
55011,0,0
55013,0,0
55015,0,0
55017,0.068888683172,0.04746933803
55019,0,0
55021,0.00418646554,0.0088475319
55023,0.0064335711002,0.0041424848302
55025,1.7635130327011,1.172535009551
55027,0,0
55029,0,0
55031,1.97888857829257,1.72303725518576
55033,0,0
55035,0.00074187561,0.017100722
55037,0,0
55039,0,0
55041,0,0
55043,4.85429536,23.38833005
55045,0.016899418,0.099869149
55047,0.028927872,0.018607249
55049,0,0
55051,0,0
55053,0,0
55055,0.149168660863,0.096651504
55057,0.0089291637532666,0.0030614063402666
55059,37.22737989432,38.488592786806
55061,0,0
55063,0.0198554109,0.1020954605
55065,0,0
55067,0,0
55069,0.007107266836,0.01543453189
55071,0.5389129299027,0.930976336987401
55073,2.86015805386904,4.1390303789083
55075,0.001377742,0.0008862039
55077,0,0
55078,0,0
55079,4.020084394814,2.736780476664
55081,0.003090077037,0.00073416776
55083,0.0395924341,0.0254670086
55085,0.224056020668,0.144800172933
55087,2.6570150064702,3.0918401935955
55089,47.97063949,30.85611528
55091,0,0
55093,7.1901904e-06,1.7975475e-05
55095,0,0
55097,0.59904020102,0.3870255074
55099,0.00037910399,0.00024385075
55101,0.00481827159,0.048585961637
55103,0,0
55105,0.7254542748604,0.466645948305
55107,0,0
55109,0,0
55111,0.0059027323,0.041336842
55113,0.101288127195,0.399292685399
55115,0,0
55117,0.3655467294879,0.242734057698
55119,0,0
55121,0,0
55123,0,0
55125,0,0
55127,0,0
55129,0.6364032,0.40935311
55131,0.0983066908,0.02408088677
55133,3.411948510579,2.188936252382
55135,0.0347179225072,0.2756616497913
55137,0,0
55139,0.8150023595,7.2635778329
55141,5.04301387668832,48.1968873671152
56001,2.05771821,4.09749331
56003,0,0
56005,7.04946577,5.20474512
56007,31.393762023,64.523188184
56009,1.728,1.1115
56011,0,0
56013,0,0
56015,0,0
56017,0,0
56019,0,0
56021,2.0254040009,6.9978776227
56023,36.88934346,23.72830138
56025,0,0
56027,0,0
56029,0,0
56031,0,0
56033,0,0
56035,0,0
56037,4.14366847,9.27080294
56039,0,0
56041,0,0
56043,0,0
56045,13.01992364,9.61283969
