1033,7.620957988,40.755187774,49.446143532,41.948861888,4.6079466,108.19294753,0
1033,7.620957988,40.755187774,49.446143532,41.948861888,4.6079466,108.19294753,0
1033,7.620957988,40.755187774,49.446143532,41.948861888,4.6079466,108.19294753,0
1033,7.620957988,40.755187774,49.446143532,41.948861888,4.6079466,108.19294753,0
1033,7.620957988,40.755187774,49.446143532,41.948861888,4.6079466,108.19294753,0
1063,51.34030051,72.998656495,327.31338182,277.37199114,29.047263,722.930055685,0
1063,51.34030051,72.998656495,327.31338182,277.37199114,29.047263,722.930055685,0
1071,13.32462950805,17.78476153905,87.8565295225,74.454678515,8.1250686279,191.541649532667,0
1071,13.32462950805,17.78476153905,87.8565295225,74.454678515,8.1250686279,191.541649532667,0
1071,13.32462950805,17.78476153905,87.8565295225,74.454678515,8.1250686279,191.541649532667,0
1071,13.32462950805,17.78476153905,87.8565295225,74.454678515,8.1250686279,191.541649532667,0
1071,13.32462950805,17.78476153905,87.8565295225,74.454678515,8.1250686279,191.541649532667,0
1071,13.32462950805,17.78476153905,87.8565295225,74.454678515,8.1250686279,191.541649532667,0
1073,80.174703565,1633.7773097775,1101.250572385,925.2472937475,4786.49158275,894.7912488775,0
1073,80.174703565,1633.7773097775,1101.250572385,925.2472937475,4786.49158275,894.7912488775,0
1073,80.174703565,1633.7773097775,1101.250572385,925.2472937475,4786.49158275,894.7912488775,0
1073,80.174703565,1633.7773097775,1101.250572385,925.2472937475,4786.49158275,894.7912488775,0
1097,104.63751616766,844.940728835016,506.714690309874,405.068800868842,1108.30381026953,706.166401337748,0
1097,104.63751616766,844.940728835016,506.714690309874,405.068800868842,1108.30381026953,706.166401337748,0
1097,104.63751616766,844.940728835016,506.714690309874,405.068800868842,1108.30381026953,706.166401337748,0
1097,104.63751616766,844.940728835016,506.714690309874,405.068800868842,1108.30381026953,706.166401337748,0
1097,104.63751616766,844.940728835016,506.714690309874,405.068800868842,1108.30381026953,706.166401337748,0
1117,22.183705212,793.89374194192,349.064734051266,255.764232072246,1503.95788049179,233.98386366539,0
1117,22.183705212,793.89374194192,349.064734051266,255.764232072246,1503.95788049179,233.98386366539,0
1117,22.183705212,793.89374194192,349.064734051266,255.764232072246,1503.95788049179,233.98386366539,0
1117,22.183705212,793.89374194192,349.064734051266,255.764232072246,1503.95788049179,233.98386366539,0
1117,22.183705212,793.89374194192,349.064734051266,255.764232072246,1503.95788049179,233.98386366539,0
1127,79.4120043333333,122.375607666667,536.471876666667,454.637187,53.367219,1141.54788366667,0
1127,79.4120043333333,122.375607666667,536.471876666667,454.637187,53.367219,1141.54788366667,0
1127,79.4120043333333,122.375607666667,536.471876666667,454.637187,53.367219,1141.54788366667,0
4005,447.637635,321.688207333333,2733.68115916667,2316.68247783333,189.259254666667,6434.79891116667,0
4005,447.637635,321.688207333333,2733.68115916667,2316.68247783333,189.259254666667,6434.79891116667,0
4005,447.637635,321.688207333333,2733.68115916667,2316.68247783333,189.259254666667,6434.79891116667,0
4013,246.82717329,1072.288280495,101.554648535,89.474843015,12.466472,174.81364578,0
4013,246.82717329,1072.288280495,101.554648535,89.474843015,12.466472,174.81364578,0
4017,84.648525,73.015269,526.745471,446.39437,39.555971,1216.82249,0
5007,183.0520245791,4424.9563397353,1297.974658522,1099.835583277,2872.1283547834,2291.406981134,0
5063,139.6613835744,102.79007766085,855.1928756825,724.739734379,59.92882646365,2007.6319264165,0
5063,139.6613835744,102.79007766085,855.1928756825,724.739734379,59.92882646365,2007.6319264165,0
5069,65.34208002,157.4743485,391.060881595,319.887190125,34.7111975,806.156286365,0
5069,65.34208002,157.4743485,391.060881595,319.887190125,34.7111975,806.156286365,0
5121,320.3000461068,244.4556694065,1968.148823703,1667.922792255,140.0713906916,4604.313023421,0
6053,199.669295355,953.9850369,681.604854855,576.68093039,68.648571,1462.14423753,0
6053,199.669295355,953.9850369,681.604854855,576.68093039,68.648571,1462.14423753,0
6073,191.675427028,480.466611922,1029.748857238,876.067583816,104.0363112,2131.736388708,0
6073,191.675427028,480.466611922,1029.748857238,876.067583816,104.0363112,2131.736388708,0
6073,191.675427028,480.466611922,1029.748857238,876.067583816,104.0363112,2131.736388708,0
6073,191.675427028,480.466611922,1029.748857238,876.067583816,104.0363112,2131.736388708,0
6073,191.675427028,480.466611922,1029.748857238,876.067583816,104.0363112,2131.736388708,0
8081,70.12763119,9007.68548216,1482.03797226,1262.02189661,2855.01315859,350.66283038,0
8087,40.98374989,1087.41412947,269.79865273,227.34637369,1049.648334,238.48924295,0
8101,38.48194477,2338.80185702225,362.623385671583,253.58895718606,1474.88289532403,178.899158116754,0
8101,38.48194477,2338.80185702225,362.623385671583,253.58895718606,1474.88289532403,178.899158116754,0
8107,178.68373734,545.398108,1196.86034371,1016.78938337,623.009047,2468.27109768,0
9007,109.19412629,262.28092499,7.38421948,5.34283944,2.2253614,35.45713084,0
9009,59.69863904,106.4972338,2.88850612,1.77037472,0,19.11084482,0
9011,0.53680416,15.949654,0.47871116,0.43914392,0.0398748,0.54146756,0
10003,28.703686046,245.108491796,172.7074887,153.491821448,34.9884486,307.867947562,0
10003,28.703686046,245.108491796,172.7074887,153.491821448,34.9884486,307.867947562,0
10003,28.703686046,245.108491796,172.7074887,153.491821448,34.9884486,307.867947562,0
10003,28.703686046,245.108491796,172.7074887,153.491821448,34.9884486,307.867947562,0
10003,28.703686046,245.108491796,172.7074887,153.491821448,34.9884486,307.867947562,0
10005,9.60562489,117.0535368,264.43197069,149.99043649,283.079162,105.89608376,0
11001,0,48.197462,1.2305029,0.8536752,11.735423,0.07955164,0
12017,44.479419313575,139.873488379425,283.035871173725,230.17824079245,247.108308250275,475.55711969,0
12017,44.479419313575,139.873488379425,283.035871173725,230.17824079245,247.108308250275,475.55711969,0
12017,44.479419313575,139.873488379425,283.035871173725,230.17824079245,247.108308250275,475.55711969,0
12017,44.479419313575,139.873488379425,283.035871173725,230.17824079245,247.108308250275,475.55711969,0
12031,369.5007304607,2637.1203539869,864.5196156156,667.0274099943,5648.5612350091,767.5335362894,0
12033,62.12265838465,525.73021768925,301.9423853858,259.3001620419,31.4917245972,626.40626409715,0
12033,62.12265838465,525.73021768925,301.9423853858,259.3001620419,31.4917245972,626.40626409715,0
12057,182.1497708588,326.7163232747,539.36449919405,456.29931370805,48.65313095735,1197.2973832707,0
12057,182.1497708588,326.7163232747,539.36449919405,456.29931370805,48.65313095735,1197.2973832707,0
12071,228.6805000766,822.118209542,301.528238539,253.4303444734,28.7908494866,684.1736147052,0
12081,197.4630491553,326.32866643575,543.6366696438,459.57192664385,54.86341905515,1170.23644308175,0
12081,197.4630491553,326.32866643575,543.6366696438,459.57192664385,54.86341905515,1170.23644308175,0
12085,244.285517519,643.66437927465,319.59769639965,268.61390294215,27.49194142165,747.83517743375,0
12085,244.285517519,643.66437927465,319.59769639965,268.61390294215,27.49194142165,747.83517743375,0
12101,139.955860772,220.46092158015,602.66101808755,510.17967781745,54.72391972865,1330.2323503655,0
12101,139.955860772,220.46092158015,602.66101808755,510.17967781745,54.72391972865,1330.2323503655,0
12121,52.8102704993333,75.5471266484667,350.413740734467,296.9601013044,33.1492211711333,758.420671509733,0
12121,52.8102704993333,75.5471266484667,350.413740734467,296.9601013044,33.1492211711333,758.420671509733,0
12121,52.8102704993333,75.5471266484667,350.413740734467,296.9601013044,33.1492211711333,758.420671509733,0
13015,26.1779634475,2155.8494839675,419.7158489325,417.1483502275,1818.23665195,56.203137595,0
13015,26.1779634475,2155.8494839675,419.7158489325,417.1483502275,1818.23665195,56.203137595,0
13015,26.1779634475,2155.8494839675,419.7158489325,417.1483502275,1818.23665195,56.203137595,0
13015,26.1779634475,2155.8494839675,419.7158489325,417.1483502275,1818.23665195,56.203137595,0
13021,0.271036825,119.227887575,17.63811451,16.35154726,9.307807925,9.445584,0
13021,0.271036825,119.227887575,17.63811451,16.35154726,9.307807925,9.445584,0
13021,0.271036825,119.227887575,17.63811451,16.35154726,9.307807925,9.445584,0
13021,0.271036825,119.227887575,17.63811451,16.35154726,9.307807925,9.445584,0
13067,206.3774219,1610.758748505,10.342282115,6.427980385,0.08314095,66.237611,0
13067,206.3774219,1610.758748505,10.342282115,6.427980385,0.08314095,66.237611,0
13077,2.456895068,11.71749698,50.7736704,43.920676,3.21286234,24.622662,0
13077,2.456895068,11.71749698,50.7736704,43.920676,3.21286234,24.622662,0
13077,2.456895068,11.71749698,50.7736704,43.920676,3.21286234,24.622662,0
13077,2.456895068,11.71749698,50.7736704,43.920676,3.21286234,24.622662,0
13077,2.456895068,11.71749698,50.7736704,43.920676,3.21286234,24.622662,0
13115,2.45815658,147.5021130925,78.7534511475,65.439471275,8.595346475,35.5978055825,0
13115,2.45815658,147.5021130925,78.7534511475,65.439471275,8.595346475,35.5978055825,0
13115,2.45815658,147.5021130925,78.7534511475,65.439471275,8.595346475,35.5978055825,0
13115,2.45815658,147.5021130925,78.7534511475,65.439471275,8.595346475,35.5978055825,0
13121,0.7023223,3.349544,13.004051,11.530982,0.9184211,6.335547,0
13149,226.6145795,1876.882794465,493.23188465,480.645585585,1885.48852945,145.200671925,0
13149,226.6145795,1876.882794465,493.23188465,480.645585585,1885.48852945,145.200671925,0
13207,5.5695316775,32.21319902,113.5603730325,100.6720033025,7.1870237,52.0550551225,0
13207,5.5695316775,32.21319902,113.5603730325,100.6720033025,7.1870237,52.0550551225,0
13207,5.5695316775,32.21319902,113.5603730325,100.6720033025,7.1870237,52.0550551225,0
13207,5.5695316775,32.21319902,113.5603730325,100.6720033025,7.1870237,52.0550551225,0
13237,5.0370095,24.022637725,102.3416065,88.880889,6.5868563,49.57112975,0
13237,5.0370095,24.022637725,102.3416065,88.880889,6.5868563,49.57112975,0
13237,5.0370095,24.022637725,102.3416065,88.880889,6.5868563,49.57112975,0
13237,5.0370095,24.022637725,102.3416065,88.880889,6.5868563,49.57112975,0
17021,38.631428635,1458.68556675,340.61525125,302.904089555,1855.1337965,136.33110327,0
17021,38.631428635,1458.68556675,340.61525125,302.904089555,1855.1337965,136.33110327,0
17063,2.035872122,14.582031,5.969659006,5.0474565,0.4779618,13.79772266,0
17063,2.035872122,14.582031,5.969659006,5.0474565,0.4779618,13.79772266,0
17063,2.035872122,14.582031,5.969659006,5.0474565,0.4779618,13.79772266,0
17063,2.035872122,14.582031,5.969659006,5.0474565,0.4779618,13.79772266,0
17063,2.035872122,14.582031,5.969659006,5.0474565,0.4779618,13.79772266,0
17079,17.865189475,718.10613762,411.392260545,347.674095935,2243.7737065,49.34227,0
17079,17.865189475,718.10613762,411.392260545,347.674095935,2243.7737065,49.34227,0
17125,54.90463252,1051.952794,516.47277417,376.1786097,1347.794608,317.12022601,0
17127,12.4512034466667,284.852081,10.37593463,9.01565264833333,42.6108633333333,5.748602665,0
17127,12.4512034466667,284.852081,10.37593463,9.01565264833333,42.6108633333333,5.748602665,0
17127,12.4512034466667,284.852081,10.37593463,9.01565264833333,42.6108633333333,5.748602665,0
17127,12.4512034466667,284.852081,10.37593463,9.01565264833333,42.6108633333333,5.748602665,0
17127,12.4512034466667,284.852081,10.37593463,9.01565264833333,42.6108633333333,5.748602665,0
17127,12.4512034466667,284.852081,10.37593463,9.01565264833333,42.6108633333333,5.748602665,0
17135,29.9453518217,820.7367609706,352.662004374,341.3326152195,1391.1002934178,135.6989600765,0
17135,29.9453518217,820.7367609706,352.662004374,341.3326152195,1391.1002934178,135.6989600765,0
17143,18.93907927,287.32960779,100.521782345,93.92352884,469.356547955,121.225536175,0
17143,18.93907927,287.32960779,100.521782345,93.92352884,469.356547955,121.225536175,0
17157,40.1898410666667,1144.45652896333,333.951170846667,298.245803256667,1641.75471883,141.086563443333,0
17157,40.1898410666667,1144.45652896333,333.951170846667,298.245803256667,1641.75471883,141.086563443333,0
17157,40.1898410666667,1144.45652896333,333.951170846667,298.245803256667,1641.75471883,141.086563443333,0
17179,1.067545785,74.5719961625,6.222591875,5.789812135,27.33399635,8.34983241,0
17179,1.067545785,74.5719961625,6.222591875,5.789812135,27.33399635,8.34983241,0
17179,1.067545785,74.5719961625,6.222591875,5.789812135,27.33399635,8.34983241,0
17179,1.067545785,74.5719961625,6.222591875,5.789812135,27.33399635,8.34983241,0
17197,75.303456966,1599.42166866445,179.544017905115,174.342843756355,1650.52400885462,109.870150243907,0
17197,75.303456966,1599.42166866445,179.544017905115,174.342843756355,1650.52400885462,109.870150243907,0
17197,75.303456966,1599.42166866445,179.544017905115,174.342843756355,1650.52400885462,109.870150243907,0
17197,75.303456966,1599.42166866445,179.544017905115,174.342843756355,1650.52400885462,109.870150243907,0
17197,75.303456966,1599.42166866445,179.544017905115,174.342843756355,1650.52400885462,109.870150243907,0
18029,52.3569212711,87.867740645925,17.5841825025,14.336069637,1.0132908189,51.949614128,0
18029,52.3569212711,87.867740645925,17.5841825025,14.336069637,1.0132908189,51.949614128,0
18029,52.3569212711,87.867740645925,17.5841825025,14.336069637,1.0132908189,51.949614128,0
18029,52.3569212711,87.867740645925,17.5841825025,14.336069637,1.0132908189,51.949614128,0
18051,37.263223845,3867.6594245325,940.4807851525,724.045897265,6148.2746385,77.0989934475,0
18051,37.263223845,3867.6594245325,940.4807851525,724.045897265,6148.2746385,77.0989934475,0
18051,37.263223845,3867.6594245325,940.4807851525,724.045897265,6148.2746385,77.0989934475,0
18051,37.263223845,3867.6594245325,940.4807851525,724.045897265,6148.2746385,77.0989934475,0
18073,18.36453981,1835.58582812,394.51911592,300.03136796,1387.93263767,63.941854875,0
18073,18.36453981,1835.58582812,394.51911592,300.03136796,1387.93263767,63.941854875,0
18077,9.1956175,8.43632783333333,57.6180756666667,48.8288776666667,4.44931083333333,132.187000833333,0
18077,9.1956175,8.43632783333333,57.6180756666667,48.8288776666667,4.44931083333333,132.187000833333,0
18077,9.1956175,8.43632783333333,57.6180756666667,48.8288776666667,4.44931083333333,132.187000833333,0
18077,9.1956175,8.43632783333333,57.6180756666667,48.8288776666667,4.44931083333333,132.187000833333,0
18077,9.1956175,8.43632783333333,57.6180756666667,48.8288776666667,4.44931083333333,132.187000833333,0
18077,9.1956175,8.43632783333333,57.6180756666667,48.8288776666667,4.44931083333333,132.187000833333,0
18089,6.58443252,723.19845967,18.72326026,15.83057907,1.637184,43.1544893,0
18091,35.85459819,1588.7346426,250.28981325,240.36798404,1280.5491539,239.84510171,0
18147,69.5821188,9659.0588772,481.146993675,470.132871435,7274.413109,186.768768335,0
18147,69.5821188,9659.0588772,481.146993675,470.132871435,7274.413109,186.768768335,0
18153,17.13273025,1060.21999665,512.207914176667,361.71287191,1251.386863,51.6474008266667,0
18153,17.13273025,1060.21999665,512.207914176667,361.71287191,1251.386863,51.6474008266667,0
18153,17.13273025,1060.21999665,512.207914176667,361.71287191,1251.386863,51.6474008266667,0
18165,24.507439775,1201.97967764,347.638880975,346.002522755,2729.2784935,54.110624385,0
18165,24.507439775,1201.97967764,347.638880975,346.002522755,2729.2784935,54.110624385,0
18167,25.161779176,164.235814138,25.578838508,24.7274753,348.89875122,17.1144096,0
18167,25.161779176,164.235814138,25.578838508,24.7274753,348.89875122,17.1144096,0
18167,25.161779176,164.235814138,25.578838508,24.7274753,348.89875122,17.1144096,0
18167,25.161779176,164.235814138,25.578838508,24.7274753,348.89875122,17.1144096,0
18167,25.161779176,164.235814138,25.578838508,24.7274753,348.89875122,17.1144096,0
18173,6.97657803,520.100192333333,88.0145371366667,85.7417810566667,372.434367,38.77795673,0
19115,37.639332666,37.8885797142,238.477837801,202.099895187,19.2249173293,541.065681781,0
19155,20.4492377346,20.0180977052,129.032501068,109.349584074,10.2406273214,293.958303344,0
19179,42.2391517721,27.947682657,254.970310435,216.074232375,17.1317356894,604.02549912,0
19193,14.30700368365,16.9105884263,92.617743017,78.4896180185,8.06462583035,205.663689586,0
19193,14.30700368365,16.9105884263,92.617743017,78.4896180185,8.06462583035,205.663689586,0
20107,85.33615425055,1929.693554957,739.6430447525,629.9542967075,1924.4250904169,726.535815455,0
20107,85.33615425055,1929.693554957,739.6430447525,629.9542967075,1924.4250904169,726.535815455,0
20149,281.85097412,3122.10884633667,2074.48904629567,1767.84200867233,1809.405463,3469.85972654,0
20149,281.85097412,3122.10884633667,2074.48904629567,1767.84200867233,1809.405463,3469.85972654,0
20149,281.85097412,3122.10884633667,2074.48904629567,1767.84200867233,1809.405463,3469.85972654,0
20155,83.89994548,139.594897,555.94659885,471.14146029,52.870342,1201.64790507,0
21015,42.48096825,2730.559626,1010.6440209,730.70150034,1798.890211,266.25510449,0
21041,23.283222115,2309.32609225,585.74845015,460.6736865975,2551.89849327,55.048196185,0
21041,23.283222115,2309.32609225,585.74845015,460.6736865975,2551.89849327,55.048196185,0
21041,23.283222115,2309.32609225,585.74845015,460.6736865975,2551.89849327,55.048196185,0
21041,23.283222115,2309.32609225,585.74845015,460.6736865975,2551.89849327,55.048196185,0
21059,6.244765,8.6409625,41.4153405,35.0977495,3.900228,89.7685295,0
21059,6.244765,8.6409625,41.4153405,35.0977495,3.900228,89.7685295,0
21127,8.04273492,55.52939571,20.610467965,16.71533562,2.037882255,43.756921335,0
21127,8.04273492,55.52939571,20.610467965,16.71533562,2.037882255,43.756921335,0
21145,7.9827995,1485.844204494,112.390092152,109.318182445,1290.668088861,34.0291364099254,0
21145,7.9827995,1485.844204494,112.390092152,109.318182445,1290.668088861,34.0291364099254,0
21145,7.9827995,1485.844204494,112.390092152,109.318182445,1290.668088861,34.0291364099254,0
21145,7.9827995,1485.844204494,112.390092152,109.318182445,1290.668088861,34.0291364099254,0
21145,7.9827995,1485.844204494,112.390092152,109.318182445,1290.668088861,34.0291364099254,0
21145,7.9827995,1485.844204494,112.390092152,109.318182445,1290.668088861,34.0291364099254,0
21145,7.9827995,1485.844204494,112.390092152,109.318182445,1290.668088861,34.0291364099254,0
21145,7.9827995,1485.844204494,112.390092152,109.318182445,1290.668088861,34.0291364099254,0
21145,7.9827995,1485.844204494,112.390092152,109.318182445,1290.668088861,34.0291364099254,0
21145,7.9827995,1485.844204494,112.390092152,109.318182445,1290.668088861,34.0291364099254,0
21161,27.391485695,1808.8403085,628.99583258,471.761148495,1986.442048,51.088847415,0
21161,27.391485695,1808.8403085,628.99583258,471.761148495,1986.442048,51.088847415,0
21167,20.6335085,4040.131017,581.15725558,415.50551575,1291.72596732,84.29435266,0
21177,51.0668911414667,4521.89643259457,684.4184787,638.971992192667,6867.54848975853,356.665238864,0
21177,51.0668911414667,4521.89643259457,684.4184787,638.971992192667,6867.54848975853,356.665238864,0
21177,51.0668911414667,4521.89643259457,684.4184787,638.971992192667,6867.54848975853,356.665238864,0
21223,61.54166186,2161.313943,1422.34154541,1048.12942784,11464.494645,112.3113317,0
22019,310.46938164155,4004.26483463089,1569.66816154082,1287.92819783036,6794.9657750111,3095.28296040425,0
22019,310.46938164155,4004.26483463089,1569.66816154082,1287.92819783036,6794.9657750111,3095.28296040425,0
22077,54.56823655,741.236293126667,346.906119546667,303.121086503333,1074.10571965,648.830029633333,0
22077,54.56823655,741.236293126667,346.906119546667,303.121086503333,1074.10571965,648.830029633333,0
22077,54.56823655,741.236293126667,346.906119546667,303.121086503333,1074.10571965,648.830029633333,0
23005,6.93389524,492.530409823714,0.54319871476,0.33174811776,23.99526912505,10.6582211687,0
24003,11.9462630466667,508.215214433333,182.006220663333,143.613198016667,252.400736166667,99.9533111533333,0
24003,11.9462630466667,508.215214433333,182.006220663333,143.613198016667,252.400736166667,99.9533111533333,0
24003,11.9462630466667,508.215214433333,182.006220663333,143.613198016667,252.400736166667,99.9533111533333,0
24017,32.38156431,694.508545,408.44485161,402.444776425,2289.2892235,122.507847655,0
24017,32.38156431,694.508545,408.44485161,402.444776425,2289.2892235,122.507847655,0
24033,14.400629,676.780659502,205.536159708,149.145921652,453.1099502,87.997535642,0
24033,14.400629,676.780659502,205.536159708,149.145921652,453.1099502,87.997535642,0
24033,14.400629,676.780659502,205.536159708,149.145921652,453.1099502,87.997535642,0
24033,14.400629,676.780659502,205.536159708,149.145921652,453.1099502,87.997535642,0
24033,14.400629,676.780659502,205.536159708,149.145921652,453.1099502,87.997535642,0
24043,4.353749,3.777868,27.109908,22.974509,2.041276,62.585243,0
25001,0.1517,2.3703,0.610038,0.610038,0.281556,1.407978,0
25005,12.274313855,53.85763735,7.379538145,7.23681016,1.21315375,9.67946907,0
25005,12.274313855,53.85763735,7.379538145,7.23681016,1.21315375,9.67946907,0
25009,2.52931627,97.69101666,16.1768816805,13.786699909645,9.9130625,52.64593115,0
25017,1.74260126,28.9949548,4.90755832,3.52205961,0.301025,1.10577936,0
26017,7.046984845,396.0071435,195.436807785,142.65824633,392.261015,14.093969685,0
26017,7.046984845,396.0071435,195.436807785,142.65824633,392.261015,14.093969685,0
26115,35.9122654,4189.49678882,966.748224045,694.0698283875,1696.409142,72.1616639525,0
26115,35.9122654,4189.49678882,966.748224045,694.0698283875,1696.409142,72.1616639525,0
26115,35.9122654,4189.49678882,966.748224045,694.0698283875,1696.409142,72.1616639525,0
26115,35.9122654,4189.49678882,966.748224045,694.0698283875,1696.409142,72.1616639525,0
26121,0,0,0,0,0,0,0
26121,0,0,0,0,0,0,0
26121,0,0,0,0,0,0,0
26121,0,0,0,0,0,0,0
26121,0,0,0,0,0,0,0
26139,46.88662723,1928.21748116333,270.106817716667,246.78087759,5346.43925666667,61.9443490933333,0
26139,46.88662723,1928.21748116333,270.106817716667,246.78087759,5346.43925666667,61.9443490933333,0
26139,46.88662723,1928.21748116333,270.106817716667,246.78087759,5346.43925666667,61.9443490933333,0
26147,27.20278144,3404.375273685,317.1608374625,231.614033375,9875.33021945,54.338510685,0
26147,27.20278144,3404.375273685,317.1608374625,231.614033375,9875.33021945,54.338510685,0
26147,27.20278144,3404.375273685,317.1608374625,231.614033375,9875.33021945,54.338510685,0
26147,27.20278144,3404.375273685,317.1608374625,231.614033375,9875.33021945,54.338510685,0
26163,23.523637916,1712.4025908,177.034957488,126.50297627,4075.530927,60.41367629,0
26163,23.523637916,1712.4025908,177.034957488,126.50297627,4075.530927,60.41367629,0
26163,23.523637916,1712.4025908,177.034957488,126.50297627,4075.530927,60.41367629,0
26163,23.523637916,1712.4025908,177.034957488,126.50297627,4075.530927,60.41367629,0
26163,23.523637916,1712.4025908,177.034957488,126.50297627,4075.530927,60.41367629,0
27037,3.86429668,10.4126036080847,23.2872066948459,19.6842529932635,2.02483391455345,50.6020041166905,0
27037,3.86429668,10.4126036080847,23.2872066948459,19.6842529932635,2.02483391455345,50.6020041166905,0
27037,3.86429668,10.4126036080847,23.2872066948459,19.6842529932635,2.02483391455345,50.6020041166905,0
27037,3.86429668,10.4126036080847,23.2872066948459,19.6842529932635,2.02483391455345,50.6020041166905,0
27061,74.3270513787,43.3121685852,721.582617654,474.370887032,28.4560547516,1068.451611652,0
27141,2.44478959333333,8.24861033,13.69422927,11.52192718,1.244186,30.05718889,0
27141,2.44478959333333,8.24861033,13.69422927,11.52192718,1.244186,30.05718889,0
27141,2.44478959333333,8.24861033,13.69422927,11.52192718,1.244186,30.05718889,0
27163,8.16715424,25.87170676,26.67765876,22.63574553,2.857071,59.0380057,0
28059,84.459741877,327.261762705544,243.16843417694,207.653512979902,20.1669035551699,524.151676256495,0
28059,84.459741877,327.261762705544,243.16843417694,207.653512979902,20.1669035551699,524.151676256495,0
28149,22.832644,27.787964,148.437416,125.794409,13.111882,328.2192,0
29071,51.7131841584,2104.2780098379,295.1138556015,280.7133895415,3450.0425279223,288.602865521,0
29071,51.7131841584,2104.2780098379,295.1138556015,280.7133895415,3450.0425279223,288.602865521,0
29071,51.7131841584,2104.2780098379,295.1138556015,280.7133895415,3450.0425279223,288.602865521,0
29071,51.7131841584,2104.2780098379,295.1138556015,280.7133895415,3450.0425279223,288.602865521,0
29095,17.825940085,767.2046737275,114.280907215,98.86047667,1225.566585,66.40509068,0
29095,17.825940085,767.2046737275,114.280907215,98.86047667,1225.566585,66.40509068,0
29095,17.825940085,767.2046737275,114.280907215,98.86047667,1225.566585,66.40509068,0
29095,17.825940085,767.2046737275,114.280907215,98.86047667,1225.566585,66.40509068,0
29099,64.35411295605,2936.11459467946,386.548446426923,361.36548889421,3721.55264874934,406.463686746264,0
29099,64.35411295605,2936.11459467946,386.548446426923,361.36548889421,3721.55264874934,406.463686746264,0
29143,39.54097382,3722.96391843,236.41676602,230.372329105,3439.487046,207.96567818,0
29143,39.54097382,3722.96391843,236.41676602,230.372329105,3439.487046,207.96567818,0
29165,100.2568567,3059.650368,1091.67653395,845.18337855,3271.284328,233.37622685,0
29183,9.3337315,8.620349,58.528508,49.600427,4.533433,134.172444,0
29183,9.3337315,8.620349,58.528508,49.600427,4.533433,134.172444,0
29189,51.47906891,4155.286461,341.01988769,305.78145571,6471.5372513,123.76529608,0
30087,459.3219350755,6637.6173455146,5525.6083196195,3962.8904183745,3919.4780165573,5762.38281776,0
30087,459.3219350755,6637.6173455146,5525.6083196195,3962.8904183745,3919.4780165573,5762.38281776,0
31111,40.58009236085,61.526560683,273.349481673,231.652258224,26.9667996376,583.34004283,0
31111,40.58009236085,61.526560683,273.349481673,231.652258224,26.9667996376,583.34004283,0
31131,24.74852354,43.409375,164.61775904,139.50632152,15.693023,355.39423492,0
32003,268.350861725,657.894601725,167.18344221,134.2130132,14.310294,249.83933812,0
32003,268.350861725,657.894601725,167.18344221,134.2130132,14.310294,249.83933812,0
33015,50.43523638,74.67522374,7.53970642,5.82591023,0.497249,26.93221296,0
34017,22.42263267,349.76196502,34.78923621,26.8769134,141.50203,9.7205178,0
35045,34.415245165,2040.456777865,862.62188338,857.114478685,1536.428632,121.96363271,0
35045,34.415245165,2040.456777865,862.62188338,857.114478685,1536.428632,121.96363271,0
36061,12.6615015333333,48.792524,11.2885380233333,11.14436217,1.3940972,13.7429277133333,0
36061,12.6615015333333,48.792524,11.2885380233333,11.14436217,1.3940972,13.7429277133333,0
36061,12.6615015333333,48.792524,11.2885380233333,11.14436217,1.3940972,13.7429277133333,0
36075,8.62327325,26.7453892875,3.19379264,2.61384176,0.2102915,9.0797548875,0
36075,8.62327325,26.7453892875,3.19379264,2.61384176,0.2102915,9.0797548875,0
36075,8.62327325,26.7453892875,3.19379264,2.61384176,0.2102915,9.0797548875,0
36075,8.62327325,26.7453892875,3.19379264,2.61384176,0.2102915,9.0797548875,0
36081,264.63115887,527.94723534,67.783224145,62.84064775,2.5876386,87.86707932,0
36085,0.240312205,0.92681325,0.014012655,0.009496208125,5.8e-06,3.75751647495,0
36085,0.240312205,0.92681325,0.014012655,0.009496208125,5.8e-06,3.75751647495,0
37045,85.08005836,302.95232976,68.86495922,57.50391622,6.521887,162.66270968,0
37129,3.4683666994,2189.1777428755,31.0823598845,23.4932239434,1225.0619808818,103.154158035,0
37145,18.78008894,474.476848233333,170.615027126667,160.792298553333,694.8100877,151.920256953333,0
37145,18.78008894,474.476848233333,170.615027126667,160.792298553333,694.8100877,151.920256953333,0
37145,18.78008894,474.476848233333,170.615027126667,160.792298553333,694.8100877,151.920256953333,0
37169,43.835160315,1613.7483495,904.8484172,731.153148785,6536.241335,119.70960776,0
37169,43.835160315,1613.7483495,904.8484172,731.153148785,6536.241335,119.70960776,0
38055,72.71171042515,2745.2824255797,642.749028229,537.6238536275,1310.75897121785,620.2663192985,0
38055,72.71171042515,2745.2824255797,642.749028229,537.6238536275,1310.75897121785,620.2663192985,0
38057,16.9574233325,3149.57380475,160.027126653,135.758966232,980.21947125,108.4404111075,0
38057,16.9574233325,3149.57380475,160.027126653,135.758966232,980.21947125,108.4404111075,0
38057,16.9574233325,3149.57380475,160.027126653,135.758966232,980.21947125,108.4404111075,0
38057,16.9574233325,3149.57380475,160.027126653,135.758966232,980.21947125,108.4404111075,0
39001,2.370701758,73.230869838,15.324156578,13.079978348,1.5771892,36.727398416,0
39001,2.370701758,73.230869838,15.324156578,13.079978348,1.5771892,36.727398416,0
39001,2.370701758,73.230869838,15.324156578,13.079978348,1.5771892,36.727398416,0
39001,2.370701758,73.230869838,15.324156578,13.079978348,1.5771892,36.727398416,0
39001,2.370701758,73.230869838,15.324156578,13.079978348,1.5771892,36.727398416,0
39007,0.28320108,4.367153755,0.0137026275,0.0083983775,0,0.090658885,0
39007,0.28320108,4.367153755,0.0137026275,0.0083983775,0,0.090658885,0
39007,0.28320108,4.367153755,0.0137026275,0.0083983775,0,0.090658885,0
39007,0.28320108,4.367153755,0.0137026275,0.0083983775,0,0.090658885,0
39013,0,0,0,0,0,0,0
39013,0,0,0,0,0,0,0
39013,0,0,0,0,0,0,0
39013,0,0,0,0,0,0,0
39013,0,0,0,0,0,0,0
39013,0,0,0,0,0,0,0
39013,0,0,0,0,0,0,0
39013,0,0,0,0,0,0,0
39025,0,0,0,0,0,0,0
39025,0,0,0,0,0,0,0
39025,0,0,0,0,0,0,0
39025,0,0,0,0,0,0,0
39025,0,0,0,0,0,0,0
39025,0,0,0,0,0,0,0
39031,0,0,0,0,0,0,0
39031,0,0,0,0,0,0,0
39031,0,0,0,0,0,0,0
39053,0.139511142857143,0.372217571428571,0.823916285714286,0.697937571428571,0.078592,1.77957414285714,0
39053,0.139511142857143,0.372217571428571,0.823916285714286,0.697937571428571,0.078592,1.77957414285714,0
39053,0.139511142857143,0.372217571428571,0.823916285714286,0.697937571428571,0.078592,1.77957414285714,0
39053,0.139511142857143,0.372217571428571,0.823916285714286,0.697937571428571,0.078592,1.77957414285714,0
39053,0.139511142857143,0.372217571428571,0.823916285714286,0.697937571428571,0.078592,1.77957414285714,0
39053,0.139511142857143,0.372217571428571,0.823916285714286,0.697937571428571,0.078592,1.77957414285714,0
39053,0.139511142857143,0.372217571428571,0.823916285714286,0.697937571428571,0.078592,1.77957414285714,0
39061,0.00907875,78.80375,0.74258125,0.74258125,2.649741762,0.8664308,0
39061,0.00907875,78.80375,0.74258125,0.74258125,2.649741762,0.8664308,0
39061,0.00907875,78.80375,0.74258125,0.74258125,2.649741762,0.8664308,0
39061,0.00907875,78.80375,0.74258125,0.74258125,2.649741762,0.8664308,0
39081,0.690033333333333,1.11767583333333,4.019121,3.40445433333333,0.3136005,9.26995445,0
39081,0.690033333333333,1.11767583333333,4.019121,3.40445433333333,0.3136005,9.26995445,0
39081,0.690033333333333,1.11767583333333,4.019121,3.40445433333333,0.3136005,9.26995445,0
39081,0.690033333333333,1.11767583333333,4.019121,3.40445433333333,0.3136005,9.26995445,0
39081,0.690033333333333,1.11767583333333,4.019121,3.40445433333333,0.3136005,9.26995445,0
39081,0.690033333333333,1.11767583333333,4.019121,3.40445433333333,0.3136005,9.26995445,0
39085,3.04266857,1088.033185,567.11505857,537.73484802,9752.66556799,6.08533715,0
39093,4.85948153,42.34881201,5.15412497,5.06310886,0.1,3.76062672,0
39095,2.30813567,113.407081145284,15.6191384059531,13.731448918197,47.6288203499717,8.61537179494812,0
39095,2.30813567,113.407081145284,15.6191384059531,13.731448918197,47.6288203499717,8.61537179494812,0
39095,2.30813567,113.407081145284,15.6191384059531,13.731448918197,47.6288203499717,8.61537179494812,0
39095,2.30813567,113.407081145284,15.6191384059531,13.731448918197,47.6288203499717,8.61537179494812,0
39167,16.108015212,45.502689704,3.992132142,3.36109552,34.92392,5.42564926,0
39167,16.108015212,45.502689704,3.992132142,3.36109552,34.92392,5.42564926,0
39167,16.108015212,45.502689704,3.992132142,3.36109552,34.92392,5.42564926,0
39167,16.108015212,45.502689704,3.992132142,3.36109552,34.92392,5.42564926,0
39167,16.108015212,45.502689704,3.992132142,3.36109552,34.92392,5.42564926,0
40023,203.6477724238,247.4189708214,1290.107901991,1093.256318258,113.2701021731,2858.669516938,0
40097,246.3593677554,8916.2848297179,1277.301770844,1044.781519375,2971.6542693446,2094.087669337,0
40101,648.1749092063,5135.0290029416,4017.885710131,3400.789247831,2338.2284674284,9077.093881611,0
40103,42.59575462,1371.772576725,274.552367595,246.783485775,576.66538807,415.941518735,0
40103,42.59575462,1371.772576725,274.552367595,246.783485775,576.66538807,415.941518735,0
40131,61.66466147,812.827108495,305.662925105,258.890547795,28.84727,669.50342954,0
40131,61.66466147,812.827108495,305.662925105,258.890547795,28.84727,669.50342954,0
41049,81.52141625,252.628621,316.4349102,267.97230993,24.108045,734.74967626,0
42003,139.10410259,8940.97598199,1634.61802019,1493.48501069,2508.6264,243.13088314,0
42005,20.556803005,5382.968792815,285.718052115,284.9227893225,861.0707625,42.3879948575,0
42005,20.556803005,5382.968792815,285.718052115,284.9227893225,861.0707625,42.3879948575,0
42005,20.556803005,5382.968792815,285.718052115,284.9227893225,861.0707625,42.3879948575,0
42005,20.556803005,5382.968792815,285.718052115,284.9227893225,861.0707625,42.3879948575,0
42033,0.119559,0.1720685,0.7981445,0.6763905,0.076676,1.7187075,0
42033,0.119559,0.1720685,0.7981445,0.6763905,0.076676,1.7187075,0
42045,121.716205405,706.253162955375,289.551041089582,271.498248626819,963.167159886685,281.759594854011,0
42045,121.716205405,706.253162955375,289.551041089582,271.498248626819,963.167159886685,281.759594854011,0
42059,0,0,0,0,0,0,0
42059,0,0,0,0,0,0,0
42059,0,0,0,0,0,0,0
42063,18.921481575,1207.697828125,232.46697067125,213.7863208275,1477.47233825,36.78997708875,0
42063,18.921481575,1207.697828125,232.46697067125,213.7863208275,1477.47233825,36.78997708875,0
42063,18.921481575,1207.697828125,232.46697067125,213.7863208275,1477.47233825,36.78997708875,0
42063,18.921481575,1207.697828125,232.46697067125,213.7863208275,1477.47233825,36.78997708875,0
42063,18.921481575,1207.697828125,232.46697067125,213.7863208275,1477.47233825,36.78997708875,0
42063,18.921481575,1207.697828125,232.46697067125,213.7863208275,1477.47233825,36.78997708875,0
42063,18.921481575,1207.697828125,232.46697067125,213.7863208275,1477.47233825,36.78997708875,0
42063,18.921481575,1207.697828125,232.46697067125,213.7863208275,1477.47233825,36.78997708875,0
42083,2.552021,2.198213,15.878059,13.455982,1.191612,36.685116,0
42093,29.64764878,6631.648799955,740.964593695,571.29043259,1626.5058995,59.893403445,0
42093,29.64764878,6631.648799955,740.964593695,571.29043259,1626.5058995,59.893403445,0
42095,27.3352453875,59.814058995,32.83007015975,27.30339326475,1.3068625,13.64860869,0
42095,27.3352453875,59.814058995,32.83007015975,27.30339326475,1.3068625,13.64860869,0
42095,27.3352453875,59.814058995,32.83007015975,27.30339326475,1.3068625,13.64860869,0
42095,27.3352453875,59.814058995,32.83007015975,27.30339326475,1.3068625,13.64860869,0
42133,38.4568301862667,828.415168741033,132.890473786,101.777760480333,675.863904142833,109.013734805667,0
42133,38.4568301862667,828.415168741033,132.890473786,101.777760480333,675.863904142833,109.013734805667,0
42133,38.4568301862667,828.415168741033,132.890473786,101.777760480333,675.863904142833,109.013734805667,0
45015,183.20553789,2285.8544255,1901.26350396,1562.372694245,3232.8061275,2284.246638635,0
46051,25.97985248,8074.723364,180.05914523,167.62180486,7053.210906,172.79815111,0
47001,33.57928605,1844.311245,1109.45870999,788.85085598,2376.24937,67.1585721,0
47011,63.077903231,39.6647486194,380.937840941,322.82867654,25.0267634601,906.744799812,0
47073,190.2589523836,1237.0118988127,53.632041358,43.375817933,2.9436820327,165.123908905,0
47085,1.93364713457308,5.73312001703077,11.8410369315,10.0340879134231,0.945874348230769,26.9412683730385,0
47085,1.93364713457308,5.73312001703077,11.8410369315,10.0340879134231,0.945874348230769,26.9412683730385,0
47085,1.93364713457308,5.73312001703077,11.8410369315,10.0340879134231,0.945874348230769,26.9412683730385,0
47085,1.93364713457308,5.73312001703077,11.8410369315,10.0340879134231,0.945874348230769,26.9412683730385,0
47085,1.93364713457308,5.73312001703077,11.8410369315,10.0340879134231,0.945874348230769,26.9412683730385,0
47085,1.93364713457308,5.73312001703077,11.8410369315,10.0340879134231,0.945874348230769,26.9412683730385,0
47085,1.93364713457308,5.73312001703077,11.8410369315,10.0340879134231,0.945874348230769,26.9412683730385,0
47085,1.93364713457308,5.73312001703077,11.8410369315,10.0340879134231,0.945874348230769,26.9412683730385,0
47085,1.93364713457308,5.73312001703077,11.8410369315,10.0340879134231,0.945874348230769,26.9412683730385,0
47085,1.93364713457308,5.73312001703077,11.8410369315,10.0340879134231,0.945874348230769,26.9412683730385,0
47085,1.93364713457308,5.73312001703077,11.8410369315,10.0340879134231,0.945874348230769,26.9412683730385,0
47085,1.93364713457308,5.73312001703077,11.8410369315,10.0340879134231,0.945874348230769,26.9412683730385,0
47085,1.93364713457308,5.73312001703077,11.8410369315,10.0340879134231,0.945874348230769,26.9412683730385,0
47085,1.93364713457308,5.73312001703077,11.8410369315,10.0340879134231,0.945874348230769,26.9412683730385,0
47085,1.93364713457308,5.73312001703077,11.8410369315,10.0340879134231,0.945874348230769,26.9412683730385,0
47085,1.93364713457308,5.73312001703077,11.8410369315,10.0340879134231,0.945874348230769,26.9412683730385,0
47085,1.93364713457308,5.73312001703077,11.8410369315,10.0340879134231,0.945874348230769,26.9412683730385,0
47085,1.93364713457308,5.73312001703077,11.8410369315,10.0340879134231,0.945874348230769,26.9412683730385,0
47085,1.93364713457308,5.73312001703077,11.8410369315,10.0340879134231,0.945874348230769,26.9412683730385,0
47085,1.93364713457308,5.73312001703077,11.8410369315,10.0340879134231,0.945874348230769,26.9412683730385,0
47085,1.93364713457308,5.73312001703077,11.8410369315,10.0340879134231,0.945874348230769,26.9412683730385,0
47085,1.93364713457308,5.73312001703077,11.8410369315,10.0340879134231,0.945874348230769,26.9412683730385,0
47085,1.93364713457308,5.73312001703077,11.8410369315,10.0340879134231,0.945874348230769,26.9412683730385,0
47085,1.93364713457308,5.73312001703077,11.8410369315,10.0340879134231,0.945874348230769,26.9412683730385,0
47085,1.93364713457308,5.73312001703077,11.8410369315,10.0340879134231,0.945874348230769,26.9412683730385,0
47085,1.93364713457308,5.73312001703077,11.8410369315,10.0340879134231,0.945874348230769,26.9412683730385,0
47145,6.95015924666667,267.628601314444,106.570296063333,105.731972614444,394.554196555556,23.43148005,0
47145,6.95015924666667,267.628601314444,106.570296063333,105.731972614444,394.554196555556,23.43148005,0
47145,6.95015924666667,267.628601314444,106.570296063333,105.731972614444,394.554196555556,23.43148005,0
47145,6.95015924666667,267.628601314444,106.570296063333,105.731972614444,394.554196555556,23.43148005,0
47145,6.95015924666667,267.628601314444,106.570296063333,105.731972614444,394.554196555556,23.43148005,0
47145,6.95015924666667,267.628601314444,106.570296063333,105.731972614444,394.554196555556,23.43148005,0
47145,6.95015924666667,267.628601314444,106.570296063333,105.731972614444,394.554196555556,23.43148005,0
47145,6.95015924666667,267.628601314444,106.570296063333,105.731972614444,394.554196555556,23.43148005,0
47145,6.95015924666667,267.628601314444,106.570296063333,105.731972614444,394.554196555556,23.43148005,0
47161,63.01442508,2926.390942975,1994.985803335,1363.557671605,11604.288699,252.42528065,0
47161,63.01442508,2926.390942975,1994.985803335,1363.557671605,11604.288699,252.42528065,0
47165,5.045844435,52.437013945,25.2034084375,21.3450929575,2.281548,55.535056395,0
47165,5.045844435,52.437013945,25.2034084375,21.3450929575,2.281548,55.535056395,0
47165,5.045844435,52.437013945,25.2034084375,21.3450929575,2.281548,55.535056395,0
47165,5.045844435,52.437013945,25.2034084375,21.3450929575,2.281548,55.535056395,0
48029,62.728893858014,1766.47849490251,212.434520713879,174.265614154836,634.70251438935,281.838568647326,0
48029,62.728893858014,1766.47849490251,212.434520713879,174.265614154836,634.70251438935,281.838568647326,0
48061,208.6673662542,237.3210928735,819.039602896,693.2444211805,57.1521655837,1938.259752501,0
48113,14.273962195,45.713059,18.90487146,15.98094957,1.6458965,56.55570252,0
48113,14.273962195,45.713059,18.90487146,15.98094957,1.6458965,56.55570252,0
48141,90.1616921608208,279.178141274134,84.6674099970538,75.3285504551399,10.08022561699,179.289623431859,0
48147,97.48808087,161.84189456,412.92701387,349.51573379,42.029351,878.28879304,0
48149,34.505589221631,56.0068046831033,141.664249697087,119.924867407726,13.5574982198577,306.220697737303,0
48149,34.505589221631,56.0068046831033,141.664249697087,119.924867407726,13.5574982198577,306.220697737303,0
48149,34.505589221631,56.0068046831033,141.664249697087,119.924867407726,13.5574982198577,306.220697737303,0
48157,8.39936715893617,14.845487113617,33.7572749895037,28.5700892828369,3.16554466666667,73.8736721695037,0
48157,8.39936715893617,14.845487113617,33.7572749895037,28.5700892828369,3.16554466666667,73.8736721695037,0
48157,8.39936715893617,14.845487113617,33.7572749895037,28.5700892828369,3.16554466666667,73.8736721695037,0
48161,197.07211396,645.92303756,482.18133512,407.20470267,45.1335645,1069.92178456,0
48161,197.07211396,645.92303756,482.18133512,407.20470267,45.1335645,1069.92178456,0
48175,154.44231187,150.09422556,719.53128887,609.34986179,50.274015,1697.00656204,0
48201,32.2288883802852,225.052045679833,67.8327370026295,59.9597756550968,5.23076581683001,133.491961704933,0
48201,32.2288883802852,225.052045679833,67.8327370026295,59.9597756550968,5.23076581683001,133.491961704933,0
48201,32.2288883802852,225.052045679833,67.8327370026295,59.9597756550968,5.23076581683001,133.491961704933,0
48201,32.2288883802852,225.052045679833,67.8327370026295,59.9597756550968,5.23076581683001,133.491961704933,0
48201,32.2288883802852,225.052045679833,67.8327370026295,59.9597756550968,5.23076581683001,133.491961704933,0
48201,32.2288883802852,225.052045679833,67.8327370026295,59.9597756550968,5.23076581683001,133.491961704933,0
48201,32.2288883802852,225.052045679833,67.8327370026295,59.9597756550968,5.23076581683001,133.491961704933,0
48201,32.2288883802852,225.052045679833,67.8327370026295,59.9597756550968,5.23076581683001,133.491961704933,0
48201,32.2288883802852,225.052045679833,67.8327370026295,59.9597756550968,5.23076581683001,133.491961704933,0
48201,32.2288883802852,225.052045679833,67.8327370026295,59.9597756550968,5.23076581683001,133.491961704933,0
48201,32.2288883802852,225.052045679833,67.8327370026295,59.9597756550968,5.23076581683001,133.491961704933,0
48201,32.2288883802852,225.052045679833,67.8327370026295,59.9597756550968,5.23076581683001,133.491961704933,0
48221,127.96042617,474.86914197,369.014913125,311.94050798,27.238161,868.50474206,0
48221,127.96042617,474.86914197,369.014913125,311.94050798,27.238161,868.50474206,0
48279,17.21729997,394.014551765,124.399203875,105.21978434,626.2184785,206.621753945,0
48279,17.21729997,394.014551765,124.399203875,105.21978434,626.2184785,206.621753945,0
48293,112.319024695,5742.32264707,2487.917325855,1970.593093885,8973.0557705,870.82048695,0
48293,112.319024695,5742.32264707,2487.917325855,1970.593093885,8973.0557705,870.82048695,0
48309,66.94179645,674.33036587193,482.193083189549,395.91577798338,855.77944321224,769.682212420629,0
48375,42.1975235,67.8359755,287.2732605,243.451902,29.20556275,606.589491,0
48375,42.1975235,67.8359755,287.2732605,243.451902,29.20556275,606.589491,0
48375,42.1975235,67.8359755,287.2732605,243.451902,29.20556275,606.589491,0
48375,42.1975235,67.8359755,287.2732605,243.451902,29.20556275,606.589491,0
48401,132.30556613,3901.43321807,2473.81331054667,1597.30829223667,3468.44540733333,1058.67672651667,0
48401,132.30556613,3901.43321807,2473.81331054667,1597.30829223667,3468.44540733333,1058.67672651667,0
48401,132.30556613,3901.43321807,2473.81331054667,1597.30829223667,3468.44540733333,1058.67672651667,0
48439,6.39789366666667,12.89883993215,43.0012047514117,36.4490727514117,4.47551771186,92.2730819208993,0
48439,6.39789366666667,12.89883993215,43.0012047514117,36.4490727514117,4.47551771186,92.2730819208993,0
48439,6.39789366666667,12.89883993215,43.0012047514117,36.4490727514117,4.47551771186,92.2730819208993,0
48449,8.92532,12.471919,59.2885363333333,50.244522,5.611163,128.301583,0
48449,8.92532,12.471919,59.2885363333333,50.244522,5.611163,128.301583,0
48449,8.92532,12.471919,59.2885363333333,50.244522,5.611163,128.301583,0
49015,20.5934953733333,3331.85366933333,420.608439716667,297.95569942,1681.17731533333,78.64500641,0
49027,41.403291985,11502.496605655,826.49460451,709.541462015,2464.4103005,141.044088975,0
49027,41.403291985,11502.496605655,826.49460451,709.541462015,2464.4103005,141.044088975,0
49035,10.93541676,181.58627846,201.62625243,197.7586785,532.738623,63.18699212,0
51041,24.2515506,384.29493599,23.36306181,19.56149553,2.225115,54.24862884,0
51153,69.35483448,98.29444401,286.80732716,247.84407601,21.552903,578.89435594,0
51167,8.28868358165,6.5306645148,51.092237019,43.2985103305,3.68651599425,119.1498306755,0
51167,8.28868358165,6.5306645148,51.092237019,43.2985103305,3.68651599425,119.1498306755,0
51199,1.693753,2.025169,10.982878,9.307525,0.961735,24.34775,0
53041,78.718972,43.745742,470.877744,399.0489258,29.496017,1131.5853824,0
53041,78.718972,43.745742,470.877744,399.0489258,29.496017,1131.5853824,0
53041,78.718972,43.745742,470.877744,399.0489258,29.496017,1131.5853824,0
53041,78.718972,43.745742,470.877744,399.0489258,29.496017,1131.5853824,0
53041,78.718972,43.745742,470.877744,399.0489258,29.496017,1131.5853824,0
54023,15.8510688866667,987.911966333333,524.092388033333,374.566289223333,1598.499972,44.2844874366667,0
54023,15.8510688866667,987.911966333333,524.092388033333,374.566289223333,1598.499972,44.2844874366667,0
54023,15.8510688866667,987.911966333333,524.092388033333,374.566289223333,1598.499972,44.2844874366667,0
54033,30.79934323,4313.01693730333,425.48486835,422.426168936667,1205.21953099667,59.63500261,0
54033,30.79934323,4313.01693730333,425.48486835,422.426168936667,1205.21953099667,59.63500261,0
54033,30.79934323,4313.01693730333,425.48486835,422.426168936667,1205.21953099667,59.63500261,0
54051,18.54467054088,570.129739187948,396.771926225842,280.762299819476,1534.39434629296,58.301663953165,0
54051,18.54467054088,570.129739187948,396.771926225842,280.762299819476,1534.39434629296,58.301663953165,0
54051,18.54467054088,570.129739187948,396.771926225842,280.762299819476,1534.39434629296,58.301663953165,0
54051,18.54467054088,570.129739187948,396.771926225842,280.762299819476,1534.39434629296,58.301663953165,0
54051,18.54467054088,570.129739187948,396.771926225842,280.762299819476,1534.39434629296,58.301663953165,0
54053,10.4107666666667,382.164334,297.803930081667,214.06864794,636.400795666667,38.408932835,0
54053,10.4107666666667,382.164334,297.803930081667,214.06864794,636.400795666667,38.408932835,0
54053,10.4107666666667,382.164334,297.803930081667,214.06864794,636.400795666667,38.408932835,0
54053,10.4107666666667,382.164334,297.803930081667,214.06864794,636.400795666667,38.408932835,0
54053,10.4107666666667,382.164334,297.803930081667,214.06864794,636.400795666667,38.408932835,0
54053,10.4107666666667,382.164334,297.803930081667,214.06864794,636.400795666667,38.408932835,0
54061,35.055860685,6504.7719015,616.416562965,564.638497205,2890.463632,69.18417216,0
54061,35.055860685,6504.7719015,616.416562965,564.638497205,2890.463632,69.18417216,0
54073,32.09890429,2970.21172939,839.078802245,596.386005415,8037.393108,64.41612133,0
54073,32.09890429,2970.21172939,839.078802245,596.386005415,8037.393108,64.41612133,0
54079,44.3484060866667,1732.45210069,1387.51714265667,993.20985907,3031.79284433333,111.58302484,0
54079,44.3484060866667,1732.45210069,1387.51714265667,993.20985907,3031.79284433333,111.58302484,0
54079,44.3484060866667,1732.45210069,1387.51714265667,993.20985907,3031.79284433333,111.58302484,0
54107,0,0,0,0,0,0,0
54107,0,0,0,0,0,0,0
54107,0,0,0,0,0,0,0
55011,0.4878245,0.397319,3.01717383333333,2.55692666666667,0.2208785,7.01247033333333,0
55011,0.4878245,0.397319,3.01717383333333,2.55692666666667,0.2208785,7.01247033333333,0
55011,0.4878245,0.397319,3.01717383333333,2.55692666666667,0.2208785,7.01247033333333,0
55011,0.4878245,0.397319,3.01717383333333,2.55692666666667,0.2208785,7.01247033333333,0
55011,0.4878245,0.397319,3.01717383333333,2.55692666666667,0.2208785,7.01247033333333,0
55011,0.4878245,0.397319,3.01717383333333,2.55692666666667,0.2208785,7.01247033333333,0
55021,5.2069805,5.754092,33.393265,28.2993715,2.814246,74.850207,0
55021,5.2069805,5.754092,33.393265,28.2993715,2.814246,74.850207,0
55073,56.32280699,1939.15773884,411.19218898,326.54600442,2144.58743693,152.0540586,0
55087,61.27644039,156.20918187,30.41396406,29.22366092,38.71422327,26.59250949,0
55089,34.93738604,67.9872052466667,1.69043810333333,1.03607497,0,11.18422419,0
55089,34.93738604,67.9872052466667,1.69043810333333,1.03607497,0,11.18422419,0
55089,34.93738604,67.9872052466667,1.69043810333333,1.03607497,0,11.18422419,0
55117,1.0228632,6.33008087333333,2.65622833666667,2.31713900666667,3.81949512,5.04550898,0
55117,1.0228632,6.33008087333333,2.65622833666667,2.31713900666667,3.81949512,5.04550898,0
55117,1.0228632,6.33008087333333,2.65622833666667,2.31713900666667,3.81949512,5.04550898,0
55123,23.68107768,1145.602764,299.38441617,206.33336655,855.825553,115.22187837,0
56031,157.13570765,11788.43827224,1682.39929375,1399.11501666,3963.908872,1014.32348329,0
