1033,7.620957988,40.75518777,49.44614353,4.443186489,4.6079466,108.1929475,0
1033,7.620957988,40.75518777,49.44614353,4.443186489,4.6079466,108.1929475,0
1033,7.620957988,40.75518777,49.44614353,4.443186489,4.6079466,108.1929475,0
1033,7.620957988,40.75518777,49.44614353,4.443186489,4.6079466,108.1929475,0
1033,7.620957988,40.75518777,49.44614353,4.443186489,4.6079466,108.1929475,0
1063,51.34030051,72.9986565,327.3133818,29.64663585,29.047263,722.9300557,0
1063,51.34030051,72.9986565,327.3133818,29.64663585,29.047263,722.9300557,0
1071,13.32462951,17.78476154,87.85652952,7.994628168,8.125068628,191.5416495,0
1071,13.32462951,17.78476154,87.85652952,7.994628168,8.125068628,191.5416495,0
1071,13.32462951,17.78476154,87.85652952,7.994628168,8.125068628,191.5416495,0
1071,13.32462951,17.78476154,87.85652952,7.994628168,8.125068628,191.5416495,0
1071,13.32462951,17.78476154,87.85652952,7.994628168,8.125068628,191.5416495,0
1071,13.32462951,17.78476154,87.85652952,7.994628168,8.125068628,191.5416495,0
1073,80.17470357,1633.77731,1101.250572,66.28303833,4786.491583,894.7912489,0
1073,80.17470357,1633.77731,1101.250572,66.28303833,4786.491583,894.7912489,0
1073,80.17470357,1633.77731,1101.250572,66.28303833,4786.491583,894.7912489,0
1073,80.17470357,1633.77731,1101.250572,66.28303833,4786.491583,894.7912489,0
1097,104.6375162,844.9407288,506.7146903,34.66628387,1108.30381,706.1664013,0
1097,104.6375162,844.9407288,506.7146903,34.66628387,1108.30381,706.1664013,0
1097,104.6375162,844.9407288,506.7146903,34.66628387,1108.30381,706.1664013,0
1097,104.6375162,844.9407288,506.7146903,34.66628387,1108.30381,706.1664013,0
1097,104.6375162,844.9407288,506.7146903,34.66628387,1108.30381,706.1664013,0
1117,22.18370521,793.8937419,349.0647341,16.28934346,1503.95788,233.9838637,0
1117,22.18370521,793.8937419,349.0647341,16.28934346,1503.95788,233.9838637,0
1117,22.18370521,793.8937419,349.0647341,16.28934346,1503.95788,233.9838637,0
1117,22.18370521,793.8937419,349.0647341,16.28934346,1503.95788,233.9838637,0
1117,22.18370521,793.8937419,349.0647341,16.28934346,1503.95788,233.9838637,0
1127,79.41200433,122.3756077,536.4718767,48.99875363,53.367219,1141.547884,0
1127,79.41200433,122.3756077,536.4718767,48.99875363,53.367219,1141.547884,0
1127,79.41200433,122.3756077,536.4718767,48.99875363,53.367219,1141.547884,0
4005,447.637635,321.6882073,2733.681159,240.5344679,189.2592547,6434.798911,0
4005,447.637635,321.6882073,2733.681159,240.5344679,189.2592547,6434.798911,0
4005,447.637635,321.6882073,2733.681159,240.5344679,189.2592547,6434.798911,0
4013,246.8271733,1072.28828,101.5546485,23.39391181,12.466472,174.8136458,0
4013,246.8271733,1072.28828,101.5546485,23.39391181,12.466472,174.8136458,0
4017,84.648525,73.015269,526.745471,46.98613597,39.555971,1216.82249,0
5007,183.0520246,4424.95634,1297.974659,95.1383672,2872.128355,2291.406981,0
5063,139.6613836,102.7900777,855.1928757,76.03402303,59.92882646,2007.631926,0
5063,139.6613836,102.7900777,855.1928757,76.03402303,59.92882646,2007.631926,0
5069,65.34208002,157.4743485,391.0608816,34.36182511,34.7111975,806.1562864,0
5069,65.34208002,157.4743485,391.0608816,34.36182511,34.7111975,806.1562864,0
5121,320.3000461,244.4556694,1968.148824,181.3658459,140.0713907,4604.313023,0
6053,199.6692954,953.9850369,681.6048549,59.94369935,68.648571,1462.144238,0
6053,199.6692954,953.9850369,681.6048549,59.94369935,68.648571,1462.144238,0
6073,191.675427,480.4666119,1029.748857,93.34678848,104.0363112,2131.736389,0
6073,191.675427,480.4666119,1029.748857,93.34678848,104.0363112,2131.736389,0
6073,191.675427,480.4666119,1029.748857,93.34678848,104.0363112,2131.736389,0
6073,191.675427,480.4666119,1029.748857,93.34678848,104.0363112,2131.736389,0
6073,191.675427,480.4666119,1029.748857,93.34678848,104.0363112,2131.736389,0
8081,70.12763119,9007.685482,1482.037972,59.04259733,2855.013159,350.6628304,0
8087,40.98374989,1087.414129,269.7986527,17.08304901,1049.648334,238.489243,0
8101,38.48194477,2338.801857,362.6233857,13.48886133,1474.882895,178.8991581,0
8101,38.48194477,2338.801857,362.6233857,13.48886133,1474.882895,178.8991581,0
8107,178.6837373,545.398108,1196.860344,101.0196587,623.009047,2468.271098,0
9007,109.1941263,262.280925,7.38421948,2.685066935,2.2253614,35.45713084,0
9009,59.69863904,106.4972338,2.88850612,0.679823904,0,19.11084482,0
9011,0.53680416,15.949654,0.47871116,0.206586899,0.0398748,0.54146756,0
10003,28.70368605,245.1084918,172.7074887,26.49407464,34.9884486,307.8679476,0
10003,28.70368605,245.1084918,172.7074887,26.49407464,34.9884486,307.8679476,0
10003,28.70368605,245.1084918,172.7074887,26.49407464,34.9884486,307.8679476,0
10003,28.70368605,245.1084918,172.7074887,26.49407464,34.9884486,307.8679476,0
10003,28.70368605,245.1084918,172.7074887,26.49407464,34.9884486,307.8679476,0
10005,9.60562489,117.0535368,264.4319707,8.92934398,283.079162,105.8960838,0
11001,0,48.197462,1.2305029,0.343764094,11.735423,0.07955164,0
12017,44.47941931,139.8734884,283.0358712,21.77875559,247.1083083,475.5571197,0
12017,44.47941931,139.8734884,283.0358712,21.77875559,247.1083083,475.5571197,0
12017,44.47941931,139.8734884,283.0358712,21.77875559,247.1083083,475.5571197,0
12017,44.47941931,139.8734884,283.0358712,21.77875559,247.1083083,475.5571197,0
12031,369.5007305,2637.120354,864.5196156,51.08936136,5648.561235,767.5335363,0
12033,62.12265838,525.7302177,301.9423854,35.13122178,31.4917246,626.4062641,0
12033,62.12265838,525.7302177,301.9423854,35.13122178,31.4917246,626.4062641,0
12057,182.1497709,326.7163233,539.3644992,51.39850104,48.65313096,1197.297383,0
12057,182.1497709,326.7163233,539.3644992,51.39850104,48.65313096,1197.297383,0
12071,228.6805001,822.1182095,301.5282385,28.9103324,28.79084949,684.1736147,0
12081,197.4630492,326.3286664,543.6366696,51.52706384,54.86341906,1170.236443,0
12081,197.4630492,326.3286664,543.6366696,51.52706384,54.86341906,1170.236443,0
12085,244.2855175,643.6643793,319.5976964,30.73217072,27.49194142,747.8351774,0
12085,244.2855175,643.6643793,319.5976964,30.73217072,27.49194142,747.8351774,0
12101,139.9558608,220.4609216,602.6610181,56.01438155,54.72391973,1330.23235,0
12101,139.9558608,220.4609216,602.6610181,56.01438155,54.72391973,1330.23235,0
12121,52.8102705,75.54712665,350.4137407,31.92843518,33.14922117,758.4206715,0
12121,52.8102705,75.54712665,350.4137407,31.92843518,33.14922117,758.4206715,0
12121,52.8102705,75.54712665,350.4137407,31.92843518,33.14922117,758.4206715,0
13015,26.17796345,2155.849484,419.7158489,18.40551965,1818.236652,56.2031376,0
13015,26.17796345,2155.849484,419.7158489,18.40551965,1818.236652,56.2031376,0
13015,26.17796345,2155.849484,419.7158489,18.40551965,1818.236652,56.2031376,0
13015,26.17796345,2155.849484,419.7158489,18.40551965,1818.236652,56.2031376,0
13021,0.271036825,119.2278876,17.63811451,0.65319487,9.307807925,9.445584,0
13021,0.271036825,119.2278876,17.63811451,0.65319487,9.307807925,9.445584,0
13021,0.271036825,119.2278876,17.63811451,0.65319487,9.307807925,9.445584,0
13021,0.271036825,119.2278876,17.63811451,0.65319487,9.307807925,9.445584,0
13067,206.3774219,1610.758749,10.34228212,2.38029967,0.08314095,66.237611,0
13067,206.3774219,1610.758749,10.34228212,2.38029967,0.08314095,66.237611,0
13077,2.456895068,11.71749698,50.7736704,4.752254718,3.21286234,24.622662,0
13077,2.456895068,11.71749698,50.7736704,4.752254718,3.21286234,24.622662,0
13077,2.456895068,11.71749698,50.7736704,4.752254718,3.21286234,24.622662,0
13077,2.456895068,11.71749698,50.7736704,4.752254718,3.21286234,24.622662,0
13077,2.456895068,11.71749698,50.7736704,4.752254718,3.21286234,24.622662,0
13115,2.45815658,147.5021131,78.75345115,5.107938217,8.595346475,35.59780558,0
13115,2.45815658,147.5021131,78.75345115,5.107938217,8.595346475,35.59780558,0
13115,2.45815658,147.5021131,78.75345115,5.107938217,8.595346475,35.59780558,0
13115,2.45815658,147.5021131,78.75345115,5.107938217,8.595346475,35.59780558,0
13121,0.7023223,3.349544,13.004051,1.229074242,0.9184211,6.335547,0
13149,226.6145795,1876.882794,493.2318847,26.5355268,1885.488529,145.2006719,0
13149,226.6145795,1876.882794,493.2318847,26.5355268,1885.488529,145.2006719,0
13207,5.569531678,32.21319902,113.560373,12.7021734,7.1870237,52.05505512,0
13207,5.569531678,32.21319902,113.560373,12.7021734,7.1870237,52.05505512,0
13207,5.569531678,32.21319902,113.560373,12.7021734,7.1870237,52.05505512,0
13207,5.569531678,32.21319902,113.560373,12.7021734,7.1870237,52.05505512,0
13237,5.0370095,24.02263773,102.3416065,9.687465467,6.5868563,49.57112975,0
13237,5.0370095,24.02263773,102.3416065,9.687465467,6.5868563,49.57112975,0
13237,5.0370095,24.02263773,102.3416065,9.687465467,6.5868563,49.57112975,0
13237,5.0370095,24.02263773,102.3416065,9.687465467,6.5868563,49.57112975,0
17021,38.63142864,1458.685567,340.6152513,12.81662863,1855.133797,136.3311033,0
17021,38.63142864,1458.685567,340.6152513,12.81662863,1855.133797,136.3311033,0
17063,2.035872122,14.582031,5.969659006,0.564624868,0.4779618,13.79772266,0
17063,2.035872122,14.582031,5.969659006,0.564624868,0.4779618,13.79772266,0
17063,2.035872122,14.582031,5.969659006,0.564624868,0.4779618,13.79772266,0
17063,2.035872122,14.582031,5.969659006,0.564624868,0.4779618,13.79772266,0
17063,2.035872122,14.582031,5.969659006,0.564624868,0.4779618,13.79772266,0
17079,17.86518948,718.1061376,411.3922605,15.21424964,2243.773707,49.34227,0
17079,17.86518948,718.1061376,411.3922605,15.21424964,2243.773707,49.34227,0
17125,54.90463252,1051.952794,516.4727742,21.94855775,1347.794608,317.120226,0
17127,12.45120345,284.852081,10.37593463,0.345895886,42.61086333,5.748602665,0
17127,12.45120345,284.852081,10.37593463,0.345895886,42.61086333,5.748602665,0
17127,12.45120345,284.852081,10.37593463,0.345895886,42.61086333,5.748602665,0
17127,12.45120345,284.852081,10.37593463,0.345895886,42.61086333,5.748602665,0
17127,12.45120345,284.852081,10.37593463,0.345895886,42.61086333,5.748602665,0
17127,12.45120345,284.852081,10.37593463,0.345895886,42.61086333,5.748602665,0
17135,29.94535182,820.736761,352.6620044,15.71367009,1391.100293,135.6989601,0
17135,29.94535182,820.736761,352.6620044,15.71367009,1391.100293,135.6989601,0
17143,18.93907927,287.3296078,100.5217823,6.375604381,469.356548,121.2255362,0
17143,18.93907927,287.3296078,100.5217823,6.375604381,469.356548,121.2255362,0
17157,40.18984107,1144.456529,333.9511708,13.35639192,1641.754719,141.0865634,0
17157,40.18984107,1144.456529,333.9511708,13.35639192,1641.754719,141.0865634,0
17157,40.18984107,1144.456529,333.9511708,13.35639192,1641.754719,141.0865634,0
17179,1.067545785,74.57199616,6.222591875,0.406710869,27.33399635,8.34983241,0
17179,1.067545785,74.57199616,6.222591875,0.406710869,27.33399635,8.34983241,0
17179,1.067545785,74.57199616,6.222591875,0.406710869,27.33399635,8.34983241,0
17179,1.067545785,74.57199616,6.222591875,0.406710869,27.33399635,8.34983241,0
17197,75.30345697,1599.421669,179.5440179,8.610975166,1650.524009,109.8701502,0
17197,75.30345697,1599.421669,179.5440179,8.610975166,1650.524009,109.8701502,0
17197,75.30345697,1599.421669,179.5440179,8.610975166,1650.524009,109.8701502,0
17197,75.30345697,1599.421669,179.5440179,8.610975166,1650.524009,109.8701502,0
17197,75.30345697,1599.421669,179.5440179,8.610975166,1650.524009,109.8701502,0
18029,52.35692127,87.86774065,17.5841825,1.9730509,1.013290819,51.94961413,0
18029,52.35692127,87.86774065,17.5841825,1.9730509,1.013290819,51.94961413,0
18029,52.35692127,87.86774065,17.5841825,1.9730509,1.013290819,51.94961413,0
18029,52.35692127,87.86774065,17.5841825,1.9730509,1.013290819,51.94961413,0
18051,37.26322385,3867.659425,940.4807852,31.06721718,6148.274639,77.09899345,0
18051,37.26322385,3867.659425,940.4807852,31.06721718,6148.274639,77.09899345,0
18051,37.26322385,3867.659425,940.4807852,31.06721718,6148.274639,77.09899345,0
18051,37.26322385,3867.659425,940.4807852,31.06721718,6148.274639,77.09899345,0
18073,18.36453981,1835.585828,394.5191159,13.22797151,1387.932638,63.94185488,0
18073,18.36453981,1835.585828,394.5191159,13.22797151,1387.932638,63.94185488,0
18077,9.1956175,8.436327833,57.61807567,12.4814512,4.449310833,132.1870008,0
18077,9.1956175,8.436327833,57.61807567,12.4814512,4.449310833,132.1870008,0
18077,9.1956175,8.436327833,57.61807567,12.4814512,4.449310833,132.1870008,0
18077,9.1956175,8.436327833,57.61807567,12.4814512,4.449310833,132.1870008,0
18077,9.1956175,8.436327833,57.61807567,12.4814512,4.449310833,132.1870008,0
18077,9.1956175,8.436327833,57.61807567,12.4814512,4.449310833,132.1870008,0
18089,6.58443252,723.1984597,18.72326026,10.91080904,1.637184,43.1544893,0
18091,35.85459819,1588.734643,250.2898133,13.93447811,1280.549154,239.8451017,0
18147,69.5821188,9659.058877,481.1469937,21.48090462,7274.413109,186.7687683,0
18147,69.5821188,9659.058877,481.1469937,21.48090462,7274.413109,186.7687683,0
18153,17.13273025,1060.219997,512.2079142,15.96978508,1251.386863,51.64740083,0
18153,17.13273025,1060.219997,512.2079142,15.96978508,1251.386863,51.64740083,0
18153,17.13273025,1060.219997,512.2079142,15.96978508,1251.386863,51.64740083,0
18165,24.50743978,1201.979678,347.638881,15.16436094,2729.278494,54.11062439,0
18165,24.50743978,1201.979678,347.638881,15.16436094,2729.278494,54.11062439,0
18167,25.16177918,164.2358141,25.57883851,1.438808843,348.8987512,17.1144096,0
18167,25.16177918,164.2358141,25.57883851,1.438808843,348.8987512,17.1144096,0
18167,25.16177918,164.2358141,25.57883851,1.438808843,348.8987512,17.1144096,0
18167,25.16177918,164.2358141,25.57883851,1.438808843,348.8987512,17.1144096,0
18167,25.16177918,164.2358141,25.57883851,1.438808843,348.8987512,17.1144096,0
18173,6.97657803,520.1001923,88.01453714,4.42309574,372.434367,38.77795673,0
19115,37.63933267,37.88857971,238.4778378,42.86111716,19.22491733,541.0656818,0
19155,20.44923773,20.01809771,129.0325011,26.01349415,10.24062732,293.9583033,0
19179,42.23915177,27.94768266,254.9703104,44.70594441,17.13173569,604.0254991,0
19193,14.30700368,16.91058843,92.61774302,17.37653364,8.06462583,205.6636896,0
19193,14.30700368,16.91058843,92.61774302,17.37653364,8.06462583,205.6636896,0
20107,85.33615425,1929.693555,739.6430448,41.36591226,1924.42509,726.5358155,0
20107,85.33615425,1929.693555,739.6430448,41.36591226,1924.42509,726.5358155,0
20149,281.8509741,3122.108846,2074.489046,165.0681268,1809.405463,3469.859727,0
20149,281.8509741,3122.108846,2074.489046,165.0681268,1809.405463,3469.859727,0
20149,281.8509741,3122.108846,2074.489046,165.0681268,1809.405463,3469.859727,0
20155,83.89994548,139.594897,555.9465989,51.40910888,52.870342,1201.647905,0
21015,42.48096825,2730.559626,1010.644021,36.79609434,1798.890211,266.2551045,0
21041,23.28322212,2309.326092,585.7484502,19.59257944,2551.898493,55.04819619,0
21041,23.28322212,2309.326092,585.7484502,19.59257944,2551.898493,55.04819619,0
21041,23.28322212,2309.326092,585.7484502,19.59257944,2551.898493,55.04819619,0
21041,23.28322212,2309.326092,585.7484502,19.59257944,2551.898493,55.04819619,0
21059,6.244765,8.6409625,41.4153405,3.83618427,3.900228,89.7685295,0
21059,6.244765,8.6409625,41.4153405,3.83618427,3.900228,89.7685295,0
21127,8.04273492,55.52939571,20.61046797,1.897834512,2.037882255,43.75692134,0
21127,8.04273492,55.52939571,20.61046797,1.897834512,2.037882255,43.75692134,0
21145,7.9827995,1485.844204,112.3900922,5.377914608,1290.668089,34.02913641,0
21145,7.9827995,1485.844204,112.3900922,5.377914608,1290.668089,34.02913641,0
21145,7.9827995,1485.844204,112.3900922,5.377914608,1290.668089,34.02913641,0
21145,7.9827995,1485.844204,112.3900922,5.377914608,1290.668089,34.02913641,0
21145,7.9827995,1485.844204,112.3900922,5.377914608,1290.668089,34.02913641,0
21145,7.9827995,1485.844204,112.3900922,5.377914608,1290.668089,34.02913641,0
21145,7.9827995,1485.844204,112.3900922,5.377914608,1290.668089,34.02913641,0
21145,7.9827995,1485.844204,112.3900922,5.377914608,1290.668089,34.02913641,0
21145,7.9827995,1485.844204,112.3900922,5.377914608,1290.668089,34.02913641,0
21145,7.9827995,1485.844204,112.3900922,5.377914608,1290.668089,34.02913641,0
21161,27.3914857,1808.840309,628.9958326,20.19137705,1986.442048,51.08884742,0
21161,27.3914857,1808.840309,628.9958326,20.19137705,1986.442048,51.08884742,0
21167,20.6335085,4040.131017,581.1572556,23.04146522,1291.725967,84.29435266,0
21177,51.06689114,4521.896433,684.4184787,33.06255983,6867.54849,356.6652389,0
21177,51.06689114,4521.896433,684.4184787,33.06255983,6867.54849,356.6652389,0
21177,51.06689114,4521.896433,684.4184787,33.06255983,6867.54849,356.6652389,0
21223,61.54166186,2161.313943,1422.341545,44.92482141,11464.49465,112.3113317,0
22019,310.4693816,4004.264835,1569.668162,156.8271813,6794.965775,3095.28296,0
22019,310.4693816,4004.264835,1569.668162,156.8271813,6794.965775,3095.28296,0
22077,54.56823655,741.2362931,346.9061195,29.1091774,1074.10572,648.8300296,0
22077,54.56823655,741.2362931,346.9061195,29.1091774,1074.10572,648.8300296,0
22077,54.56823655,741.2362931,346.9061195,29.1091774,1074.10572,648.8300296,0
23005,6.93389524,492.5304098,0.543198715,0.075573451,23.99526913,10.65822117,0
24003,11.94626305,508.2152144,182.0062207,8.00322075,252.4007362,99.95331115,0
24003,11.94626305,508.2152144,182.0062207,8.00322075,252.4007362,99.95331115,0
24003,11.94626305,508.2152144,182.0062207,8.00322075,252.4007362,99.95331115,0
24017,32.38156431,694.508545,408.4448516,18.89001408,2289.289224,122.5078477,0
24017,32.38156431,694.508545,408.4448516,18.89001408,2289.289224,122.5078477,0
24033,14.400629,676.7806595,205.5361597,9.03060628,453.1099502,87.99753564,0
24033,14.400629,676.7806595,205.5361597,9.03060628,453.1099502,87.99753564,0
24033,14.400629,676.7806595,205.5361597,9.03060628,453.1099502,87.99753564,0
24033,14.400629,676.7806595,205.5361597,9.03060628,453.1099502,87.99753564,0
24033,14.400629,676.7806595,205.5361597,9.03060628,453.1099502,87.99753564,0
24043,4.353749,3.777868,27.109908,2.5111141,2.041276,62.585243,0
25001,0.1517,2.3703,0.610038,0.234254588,0.281556,1.407978,0
25005,12.27431386,53.85763735,7.379538145,2.786546539,1.21315375,9.67946907,0
25005,12.27431386,53.85763735,7.379538145,2.786546539,1.21315375,9.67946907,0
25009,2.52931627,97.69101666,16.17688168,1.790468209,9.9130625,52.64593115,0
25017,1.74260126,28.9949548,4.90755832,1.368533642,0.301025,1.10577936,0
26017,7.046984845,396.0071435,195.4368078,6.10577335,392.261015,14.09396969,0
26017,7.046984845,396.0071435,195.4368078,6.10577335,392.261015,14.09396969,0
26115,35.9122654,4189.496789,966.748224,29.65738876,1696.409142,72.16166395,0
26115,35.9122654,4189.496789,966.748224,29.65738876,1696.409142,72.16166395,0
26115,35.9122654,4189.496789,966.748224,29.65738876,1696.409142,72.16166395,0
26115,35.9122654,4189.496789,966.748224,29.65738876,1696.409142,72.16166395,0
26121,0,0,0,0,0,0,0
26121,0,0,0,0,0,0,0
26121,0,0,0,0,0,0,0
26121,0,0,0,0,0,0,0
26121,0,0,0,0,0,0,0
26139,46.88662723,1928.217481,270.1068177,10.75156916,5346.439257,61.94434909,0
26139,46.88662723,1928.217481,270.1068177,10.75156916,5346.439257,61.94434909,0
26139,46.88662723,1928.217481,270.1068177,10.75156916,5346.439257,61.94434909,0
26147,27.20278144,3404.375274,317.1608375,9.89618347,9875.330219,54.33851069,0
26147,27.20278144,3404.375274,317.1608375,9.89618347,9875.330219,54.33851069,0
26147,27.20278144,3404.375274,317.1608375,9.89618347,9875.330219,54.33851069,0
26147,27.20278144,3404.375274,317.1608375,9.89618347,9875.330219,54.33851069,0
26163,23.52363792,1712.402591,177.0349575,5.423913429,4075.530927,60.41367629,0
26163,23.52363792,1712.402591,177.0349575,5.423913429,4075.530927,60.41367629,0
26163,23.52363792,1712.402591,177.0349575,5.423913429,4075.530927,60.41367629,0
26163,23.52363792,1712.402591,177.0349575,5.423913429,4075.530927,60.41367629,0
26163,23.52363792,1712.402591,177.0349575,5.423913429,4075.530927,60.41367629,0
27037,3.86429668,10.41260361,23.28720669,2.193013811,2.024833915,50.60200412,0
27037,3.86429668,10.41260361,23.28720669,2.193013811,2.024833915,50.60200412,0
27037,3.86429668,10.41260361,23.28720669,2.193013811,2.024833915,50.60200412,0
27037,3.86429668,10.41260361,23.28720669,2.193013811,2.024833915,50.60200412,0
27061,74.32705138,43.31216859,721.5826177,44.67070924,28.45605475,1068.451612,0
27141,2.444789593,8.24861033,13.69422927,29.40483195,1.244186,30.05718889,0
27141,2.444789593,8.24861033,13.69422927,29.40483195,1.244186,30.05718889,0
27141,2.444789593,8.24861033,13.69422927,29.40483195,1.244186,30.05718889,0
27163,8.16715424,25.87170676,26.67765876,10.09811935,2.857071,59.0380057,0
28059,84.45974188,327.2617627,243.1684342,22.91945497,20.16690356,524.1516763,0
28059,84.45974188,327.2617627,243.1684342,22.91945497,20.16690356,524.1516763,0
28149,22.832644,27.787964,148.437416,13.74932961,13.111882,328.2192,0
29071,51.71318416,2104.27801,295.1138556,16.98400796,3450.042528,288.6028655,0
29071,51.71318416,2104.27801,295.1138556,16.98400796,3450.042528,288.6028655,0
29071,51.71318416,2104.27801,295.1138556,16.98400796,3450.042528,288.6028655,0
29071,51.71318416,2104.27801,295.1138556,16.98400796,3450.042528,288.6028655,0
29095,17.82594009,767.2046737,114.2809072,5.009763907,1225.566585,66.40509068,0
29095,17.82594009,767.2046737,114.2809072,5.009763907,1225.566585,66.40509068,0
29095,17.82594009,767.2046737,114.2809072,5.009763907,1225.566585,66.40509068,0
29095,17.82594009,767.2046737,114.2809072,5.009763907,1225.566585,66.40509068,0
29099,64.35411296,2936.114595,386.5484464,21.66687126,3721.552649,406.4636867,0
29099,64.35411296,2936.114595,386.5484464,21.66687126,3721.552649,406.4636867,0
29143,39.54097382,3722.963918,236.416766,12.03817059,3439.487046,207.9656782,0
29143,39.54097382,3722.963918,236.416766,12.03817059,3439.487046,207.9656782,0
29165,100.2568567,3059.650368,1091.676534,37.13266179,3271.284328,233.3762269,0
29183,9.3337315,8.620349,58.528508,5.42132665,4.533433,134.172444,0
29183,9.3337315,8.620349,58.528508,5.42132665,4.533433,134.172444,0
29189,51.47906891,4155.286461,341.0198877,13.65725828,6471.537251,123.7652961,0
30087,459.3219351,6637.617346,5525.60832,277.6165827,3919.478017,5762.382818,0
30087,459.3219351,6637.617346,5525.60832,277.6165827,3919.478017,5762.382818,0
31111,40.58009236,61.52656068,273.3494817,24.84164133,26.96679964,583.3400428,0
31111,40.58009236,61.52656068,273.3494817,24.84164133,26.96679964,583.3400428,0
31131,24.74852354,43.409375,164.617759,15.10919262,15.693023,355.3942349,0
32003,268.3508617,657.8946017,167.1834422,34.86228459,14.310294,249.8393381,0
32003,268.3508617,657.8946017,167.1834422,34.86228459,14.310294,249.8393381,0
33015,50.43523638,74.67522374,7.53970642,1.041379641,0.497249,26.93221296,0
34017,22.42263267,349.761965,34.78923621,2.020168128,141.50203,9.7205178,0
35045,34.41524517,2040.456778,862.6218834,45.16010885,1536.428632,121.9636327,0
35045,34.41524517,2040.456778,862.6218834,45.16010885,1536.428632,121.9636327,0
36061,12.66150153,48.792524,11.28853802,4.288231153,1.3940972,13.74292771,0
36061,12.66150153,48.792524,11.28853802,4.288231153,1.3940972,13.74292771,0
36061,12.66150153,48.792524,11.28853802,4.288231153,1.3940972,13.74292771,0
36075,8.62327325,26.74538929,3.19379264,0.352277869,0.2102915,9.079754888,0
36075,8.62327325,26.74538929,3.19379264,0.352277869,0.2102915,9.079754888,0
36075,8.62327325,26.74538929,3.19379264,0.352277869,0.2102915,9.079754888,0
36075,8.62327325,26.74538929,3.19379264,0.352277869,0.2102915,9.079754888,0
36081,264.6311589,527.9472353,67.78322415,24.26563605,2.5876386,87.86707932,0
36085,0.240312205,0.92681325,0.014012655,0.003557226,5.80E-06,3.757516475,0
36085,0.240312205,0.92681325,0.014012655,0.003557226,5.80E-06,3.757516475,0
37045,85.08005836,302.9523298,68.86495922,6.846376168,6.521887,162.6627097,0
37129,3.468366699,2189.177743,31.08235988,2.225226908,1225.061981,103.154158,0
37145,18.78008894,474.4768482,170.6150271,10.37218866,694.8100877,151.920257,0
37145,18.78008894,474.4768482,170.6150271,10.37218866,694.8100877,151.920257,0
37145,18.78008894,474.4768482,170.6150271,10.37218866,694.8100877,151.920257,0
37169,43.83516032,1613.74835,904.8484172,32.20531357,6536.241335,119.7096078,0
37169,43.83516032,1613.74835,904.8484172,32.20531357,6536.241335,119.7096078,0
38055,72.71171043,2745.282426,642.7490282,36.63721289,1310.758971,620.2663193,0
38055,72.71171043,2745.282426,642.7490282,36.63721289,1310.758971,620.2663193,0
38057,16.95742333,3149.573805,160.0271267,12.78678226,980.2194713,108.4404111,0
38057,16.95742333,3149.573805,160.0271267,12.78678226,980.2194713,108.4404111,0
38057,16.95742333,3149.573805,160.0271267,12.78678226,980.2194713,108.4404111,0
38057,16.95742333,3149.573805,160.0271267,12.78678226,980.2194713,108.4404111,0
39001,2.370701758,73.23086984,15.32415658,21.43240933,1.5771892,36.72739842,0
39001,2.370701758,73.23086984,15.32415658,21.43240933,1.5771892,36.72739842,0
39001,2.370701758,73.23086984,15.32415658,21.43240933,1.5771892,36.72739842,0
39001,2.370701758,73.23086984,15.32415658,21.43240933,1.5771892,36.72739842,0
39001,2.370701758,73.23086984,15.32415658,21.43240933,1.5771892,36.72739842,0
39007,0.28320108,4.367153755,0.013702628,0.003224977,0,0.090658885,0
39007,0.28320108,4.367153755,0.013702628,0.003224977,0,0.090658885,0
39007,0.28320108,4.367153755,0.013702628,0.003224977,0,0.090658885,0
39007,0.28320108,4.367153755,0.013702628,0.003224977,0,0.090658885,0
39013,0,0,0,0,0,0,0
39013,0,0,0,0,0,0,0
39013,0,0,0,0,0,0,0
39013,0,0,0,0,0,0,0
39013,0,0,0,0,0,0,0
39013,0,0,0,0,0,0,0
39013,0,0,0,0,0,0,0
39013,0,0,0,0,0,0,0
39025,0,0,0,8.908438433,0,0,0
39025,0,0,0,8.908438433,0,0,0
39025,0,0,0,8.908438433,0,0,0
39025,0,0,0,8.908438433,0,0,0
39025,0,0,0,8.908438433,0,0,0
39025,0,0,0,8.908438433,0,0,0
39031,0,0,0,0,0,0,0
39031,0,0,0,0,0,0,0
39031,0,0,0,0,0,0,0
39053,0.139511143,0.372217571,0.823916286,22.26941889,0.078592,1.779574143,0
39053,0.139511143,0.372217571,0.823916286,22.26941889,0.078592,1.779574143,0
39053,0.139511143,0.372217571,0.823916286,22.26941889,0.078592,1.779574143,0
39053,0.139511143,0.372217571,0.823916286,22.26941889,0.078592,1.779574143,0
39053,0.139511143,0.372217571,0.823916286,22.26941889,0.078592,1.779574143,0
39053,0.139511143,0.372217571,0.823916286,22.26941889,0.078592,1.779574143,0
39053,0.139511143,0.372217571,0.823916286,22.26941889,0.078592,1.779574143,0
39061,0.00907875,78.80375,0.74258125,7.792528216,2.649741762,0.8664308,0
39061,0.00907875,78.80375,0.74258125,7.792528216,2.649741762,0.8664308,0
39061,0.00907875,78.80375,0.74258125,7.792528216,2.649741762,0.8664308,0
39061,0.00907875,78.80375,0.74258125,7.792528216,2.649741762,0.8664308,0
39081,0.690033333,1.117675833,4.019121,24.99215795,0.3136005,9.26995445,0
39081,0.690033333,1.117675833,4.019121,24.99215795,0.3136005,9.26995445,0
39081,0.690033333,1.117675833,4.019121,24.99215795,0.3136005,9.26995445,0
39081,0.690033333,1.117675833,4.019121,24.99215795,0.3136005,9.26995445,0
39081,0.690033333,1.117675833,4.019121,24.99215795,0.3136005,9.26995445,0
39081,0.690033333,1.117675833,4.019121,24.99215795,0.3136005,9.26995445,0
39085,3.04266857,1088.033185,567.1150586,23.0150522,9752.665568,6.08533715,0
39093,4.85948153,42.34881201,5.15412497,1.936937843,0.1,3.76062672,0
39095,2.30813567,113.4070811,15.61913841,1.565034337,47.62882035,8.615371795,0
39095,2.30813567,113.4070811,15.61913841,1.565034337,47.62882035,8.615371795,0
39095,2.30813567,113.4070811,15.61913841,1.565034337,47.62882035,8.615371795,0
39095,2.30813567,113.4070811,15.61913841,1.565034337,47.62882035,8.615371795,0
39167,16.10801521,45.5026897,3.992132142,0.441651694,34.92392,5.42564926,0
39167,16.10801521,45.5026897,3.992132142,0.441651694,34.92392,5.42564926,0
39167,16.10801521,45.5026897,3.992132142,0.441651694,34.92392,5.42564926,0
39167,16.10801521,45.5026897,3.992132142,0.441651694,34.92392,5.42564926,0
39167,16.10801521,45.5026897,3.992132142,0.441651694,34.92392,5.42564926,0
40023,203.6477724,247.4189708,1290.107902,114.3027807,113.2701022,2858.669517,0
40097,246.3593678,8916.28483,1277.301771,95.22554994,2971.654269,2094.087669,0
40101,648.1749092,5135.029003,4017.88571,334.3569051,2338.228467,9077.093882,0
40103,42.59575462,1371.772577,274.5523676,20.75730017,576.6653881,415.9415187,0
40103,42.59575462,1371.772577,274.5523676,20.75730017,576.6653881,415.9415187,0
40131,61.66466147,812.8271085,305.6629251,28.51619945,28.84727,669.5034295,0
40131,61.66466147,812.8271085,305.6629251,28.51619945,28.84727,669.5034295,0
41049,81.52141625,252.628621,316.4349102,29.82401512,24.108045,734.7496763,0
42003,139.1041026,8940.975982,1634.61802,200.3150882,2508.6264,243.1308831,0
42005,20.55680301,5382.968793,285.7180521,12.24277726,861.0707625,42.38799486,0
42005,20.55680301,5382.968793,285.7180521,12.24277726,861.0707625,42.38799486,0
42005,20.55680301,5382.968793,285.7180521,12.24277726,861.0707625,42.38799486,0
42005,20.55680301,5382.968793,285.7180521,12.24277726,861.0707625,42.38799486,0
42033,0.119559,0.1720685,0.7981445,0.064189455,0.076676,1.7187075,0
42033,0.119559,0.1720685,0.7981445,0.064189455,0.076676,1.7187075,0
42045,121.7162054,706.253163,289.5510411,10.95340295,963.1671599,281.7595949,0
42045,121.7162054,706.253163,289.5510411,10.95340295,963.1671599,281.7595949,0
42059,0,0,0,0,0,0,0
42059,0,0,0,0,0,0,0
42059,0,0,0,0,0,0,0
42063,18.92148158,1207.697828,232.4669707,8.528597286,1477.472338,36.78997709,0
42063,18.92148158,1207.697828,232.4669707,8.528597286,1477.472338,36.78997709,0
42063,18.92148158,1207.697828,232.4669707,8.528597286,1477.472338,36.78997709,0
42063,18.92148158,1207.697828,232.4669707,8.528597286,1477.472338,36.78997709,0
42063,18.92148158,1207.697828,232.4669707,8.528597286,1477.472338,36.78997709,0
42063,18.92148158,1207.697828,232.4669707,8.528597286,1477.472338,36.78997709,0
42063,18.92148158,1207.697828,232.4669707,8.528597286,1477.472338,36.78997709,0
42063,18.92148158,1207.697828,232.4669707,8.528597286,1477.472338,36.78997709,0
42083,2.552021,2.198213,15.878059,1.41752128,1.191612,36.685116,0
42093,29.64764878,6631.6488,740.9645937,24.36465568,1626.5059,59.89340345,0
42093,29.64764878,6631.6488,740.9645937,24.36465568,1626.5059,59.89340345,0
42095,27.33524539,59.814059,32.83007016,9.611688754,1.3068625,13.64860869,0
42095,27.33524539,59.814059,32.83007016,9.611688754,1.3068625,13.64860869,0
42095,27.33524539,59.814059,32.83007016,9.611688754,1.3068625,13.64860869,0
42095,27.33524539,59.814059,32.83007016,9.611688754,1.3068625,13.64860869,0
42133,38.45683019,828.4151687,132.8904738,9.440157273,675.8639041,109.0137348,0
42133,38.45683019,828.4151687,132.8904738,9.440157273,675.8639041,109.0137348,0
42133,38.45683019,828.4151687,132.8904738,9.440157273,675.8639041,109.0137348,0
45015,183.2055379,2285.854426,1901.263504,120.5065667,3232.806128,2284.246639,0
46051,25.97985248,8074.723364,180.0591452,9.93373524,7053.210906,172.7981511,0
47001,33.57928605,1844.311245,1109.45871,33.762817,2376.24937,67.1585721,0
47011,63.07790323,39.66474862,380.9378409,35.28517762,25.02676346,906.7447998,0
47073,190.2589524,1237.011899,53.63204136,6.1263982,2.943682033,165.1239089,0
47085,1.933647135,5.733120017,11.84103693,1.081100835,0.945874348,26.94126837,0
47085,1.933647135,5.733120017,11.84103693,1.081100835,0.945874348,26.94126837,0
47085,1.933647135,5.733120017,11.84103693,1.081100835,0.945874348,26.94126837,0
47085,1.933647135,5.733120017,11.84103693,1.081100835,0.945874348,26.94126837,0
47085,1.933647135,5.733120017,11.84103693,1.081100835,0.945874348,26.94126837,0
47085,1.933647135,5.733120017,11.84103693,1.081100835,0.945874348,26.94126837,0
47085,1.933647135,5.733120017,11.84103693,1.081100835,0.945874348,26.94126837,0
47085,1.933647135,5.733120017,11.84103693,1.081100835,0.945874348,26.94126837,0
47085,1.933647135,5.733120017,11.84103693,1.081100835,0.945874348,26.94126837,0
47085,1.933647135,5.733120017,11.84103693,1.081100835,0.945874348,26.94126837,0
47085,1.933647135,5.733120017,11.84103693,1.081100835,0.945874348,26.94126837,0
47085,1.933647135,5.733120017,11.84103693,1.081100835,0.945874348,26.94126837,0
47085,1.933647135,5.733120017,11.84103693,1.081100835,0.945874348,26.94126837,0
47085,1.933647135,5.733120017,11.84103693,1.081100835,0.945874348,26.94126837,0
47085,1.933647135,5.733120017,11.84103693,1.081100835,0.945874348,26.94126837,0
47085,1.933647135,5.733120017,11.84103693,1.081100835,0.945874348,26.94126837,0
47085,1.933647135,5.733120017,11.84103693,1.081100835,0.945874348,26.94126837,0
47085,1.933647135,5.733120017,11.84103693,1.081100835,0.945874348,26.94126837,0
47085,1.933647135,5.733120017,11.84103693,1.081100835,0.945874348,26.94126837,0
47085,1.933647135,5.733120017,11.84103693,1.081100835,0.945874348,26.94126837,0
47085,1.933647135,5.733120017,11.84103693,1.081100835,0.945874348,26.94126837,0
47085,1.933647135,5.733120017,11.84103693,1.081100835,0.945874348,26.94126837,0
47085,1.933647135,5.733120017,11.84103693,1.081100835,0.945874348,26.94126837,0
47085,1.933647135,5.733120017,11.84103693,1.081100835,0.945874348,26.94126837,0
47085,1.933647135,5.733120017,11.84103693,1.081100835,0.945874348,26.94126837,0
47085,1.933647135,5.733120017,11.84103693,1.081100835,0.945874348,26.94126837,0
47145,6.950159247,267.6286013,106.5702961,4.78446825,394.5541966,23.43148005,0
47145,6.950159247,267.6286013,106.5702961,4.78446825,394.5541966,23.43148005,0
47145,6.950159247,267.6286013,106.5702961,4.78446825,394.5541966,23.43148005,0
47145,6.950159247,267.6286013,106.5702961,4.78446825,394.5541966,23.43148005,0
47145,6.950159247,267.6286013,106.5702961,4.78446825,394.5541966,23.43148005,0
47145,6.950159247,267.6286013,106.5702961,4.78446825,394.5541966,23.43148005,0
47145,6.950159247,267.6286013,106.5702961,4.78446825,394.5541966,23.43148005,0
47145,6.950159247,267.6286013,106.5702961,4.78446825,394.5541966,23.43148005,0
47145,6.950159247,267.6286013,106.5702961,4.78446825,394.5541966,23.43148005,0
47161,63.01442508,2926.390943,1994.985803,62.21609245,11604.2887,252.4252807,0
47161,63.01442508,2926.390943,1994.985803,62.21609245,11604.2887,252.4252807,0
47165,5.045844435,52.43701395,25.20340844,2.342871515,2.281548,55.5350564,0
47165,5.045844435,52.43701395,25.20340844,2.342871515,2.281548,55.5350564,0
47165,5.045844435,52.43701395,25.20340844,2.342871515,2.281548,55.5350564,0
47165,5.045844435,52.43701395,25.20340844,2.342871515,2.281548,55.5350564,0
48029,62.72889386,1766.478495,212.4345207,14.08401199,634.7025144,281.8385686,0
48029,62.72889386,1766.478495,212.4345207,14.08401199,634.7025144,281.8385686,0
48061,208.6673663,237.3210929,819.0396029,69.35039537,57.15216558,1938.259753,0
48113,14.2739622,45.713059,18.90487146,1.983709775,1.6458965,56.55570252,0
48113,14.2739622,45.713059,18.90487146,1.983709775,1.6458965,56.55570252,0
48141,90.16169216,279.1781413,84.66741,16.5405112,10.08022562,179.2896234,0
48147,97.48808087,161.8418946,412.9270139,33.48812855,42.029351,878.288793,0
48149,34.50558922,56.00680468,141.6642497,11.73181522,13.55749822,306.2206977,0
48149,34.50558922,56.00680468,141.6642497,11.73181522,13.55749822,306.2206977,0
48149,34.50558922,56.00680468,141.6642497,11.73181522,13.55749822,306.2206977,0
48157,8.399367159,14.84548711,33.75727499,2.930191067,3.165544667,73.87367217,0
48157,8.399367159,14.84548711,33.75727499,2.930191067,3.165544667,73.87367217,0
48157,8.399367159,14.84548711,33.75727499,2.930191067,3.165544667,73.87367217,0
48161,197.072114,645.9230376,482.1813351,39.7191296,45.1335645,1069.921785,0
48161,197.072114,645.9230376,482.1813351,39.7191296,45.1335645,1069.921785,0
48175,154.4423119,150.0942256,719.5312889,58.14638475,50.274015,1697.006562,0
48201,32.22888838,225.0520457,67.832737,10.8952056,5.230765817,133.4919617,0
48201,32.22888838,225.0520457,67.832737,10.8952056,5.230765817,133.4919617,0
48201,32.22888838,225.0520457,67.832737,10.8952056,5.230765817,133.4919617,0
48201,32.22888838,225.0520457,67.832737,10.8952056,5.230765817,133.4919617,0
48201,32.22888838,225.0520457,67.832737,10.8952056,5.230765817,133.4919617,0
48201,32.22888838,225.0520457,67.832737,10.8952056,5.230765817,133.4919617,0
48201,32.22888838,225.0520457,67.832737,10.8952056,5.230765817,133.4919617,0
48201,32.22888838,225.0520457,67.832737,10.8952056,5.230765817,133.4919617,0
48201,32.22888838,225.0520457,67.832737,10.8952056,5.230765817,133.4919617,0
48201,32.22888838,225.0520457,67.832737,10.8952056,5.230765817,133.4919617,0
48201,32.22888838,225.0520457,67.832737,10.8952056,5.230765817,133.4919617,0
48201,32.22888838,225.0520457,67.832737,10.8952056,5.230765817,133.4919617,0
48221,127.9604262,474.869142,369.0149131,30.19540746,27.238161,868.5047421,0
48221,127.9604262,474.869142,369.0149131,30.19540746,27.238161,868.5047421,0
48279,17.21729997,394.0145518,124.3992039,8.652976796,626.2184785,206.6217539,0
48279,17.21729997,394.0145518,124.3992039,8.652976796,626.2184785,206.6217539,0
48293,112.3190247,5742.322647,2487.917326,51.62569607,8973.055771,870.820487,0
48293,112.3190247,5742.322647,2487.917326,51.62569607,8973.055771,870.820487,0
48309,66.94179645,674.3303659,482.1930832,31.9349347,855.7794432,769.6822124,0
48375,42.1975235,67.8359755,287.2732605,23.10358406,29.20556275,606.589491,0
48375,42.1975235,67.8359755,287.2732605,23.10358406,29.20556275,606.589491,0
48375,42.1975235,67.8359755,287.2732605,23.10358406,29.20556275,606.589491,0
48375,42.1975235,67.8359755,287.2732605,23.10358406,29.20556275,606.589491,0
48401,132.3055661,3901.433218,2473.813311,52.53403678,3468.445407,1058.676727,0
48401,132.3055661,3901.433218,2473.813311,52.53403678,3468.445407,1058.676727,0
48401,132.3055661,3901.433218,2473.813311,52.53403678,3468.445407,1058.676727,0
48439,6.397893667,12.89883993,43.00120475,3.491685633,4.475517712,92.27308192,0
48439,6.397893667,12.89883993,43.00120475,3.491685633,4.475517712,92.27308192,0
48439,6.397893667,12.89883993,43.00120475,3.491685633,4.475517712,92.27308192,0
48449,8.92532,12.471919,59.28853633,4.768204927,5.611163,128.301583,0
48449,8.92532,12.471919,59.28853633,4.768204927,5.611163,128.301583,0
48449,8.92532,12.471919,59.28853633,4.768204927,5.611163,128.301583,0
49015,20.59349537,3331.853669,420.6084397,13.87694122,1681.177315,78.64500641,0
49027,41.40329199,11502.49661,826.4946045,31.79794158,2464.410301,141.044089,0
49027,41.40329199,11502.49661,826.4946045,31.79794158,2464.410301,141.044089,0
49035,10.93541676,181.5862785,201.6262524,3.048789672,532.738623,63.18699212,0
51041,24.2515506,384.294936,23.36306181,2.201246793,2.225115,54.24862884,0
51153,69.35483448,98.29444401,286.8073272,36.42851281,21.552903,578.8943559,0
51167,8.288683582,6.530664515,51.09223702,4.627816905,3.686515994,119.1498307,0
51167,8.288683582,6.530664515,51.09223702,4.627816905,3.686515994,119.1498307,0
51199,1.693753,2.025169,10.982878,1.01731258,0.961735,24.34775,0
53041,78.718972,43.745742,470.877744,43.6160498,29.496017,1131.585382,0
53041,78.718972,43.745742,470.877744,43.6160498,29.496017,1131.585382,0
53041,78.718972,43.745742,470.877744,43.6160498,29.496017,1131.585382,0
53041,78.718972,43.745742,470.877744,43.6160498,29.496017,1131.585382,0
53041,78.718972,43.745742,470.877744,43.6160498,29.496017,1131.585382,0
54023,15.85106889,987.9119663,524.092388,16.37807927,1598.499972,44.28448744,0
54023,15.85106889,987.9119663,524.092388,16.37807927,1598.499972,44.28448744,0
54023,15.85106889,987.9119663,524.092388,16.37807927,1598.499972,44.28448744,0
54033,30.79934323,4313.016937,425.4848684,18.40929498,1205.219531,59.63500261,0
54033,30.79934323,4313.016937,425.4848684,18.40929498,1205.219531,59.63500261,0
54033,30.79934323,4313.016937,425.4848684,18.40929498,1205.219531,59.63500261,0
54051,18.54467054,570.1297392,396.7719262,12.04256321,1534.394346,58.30166395,0
54051,18.54467054,570.1297392,396.7719262,12.04256321,1534.394346,58.30166395,0
54051,18.54467054,570.1297392,396.7719262,12.04256321,1534.394346,58.30166395,0
54051,18.54467054,570.1297392,396.7719262,12.04256321,1534.394346,58.30166395,0
54051,18.54467054,570.1297392,396.7719262,12.04256321,1534.394346,58.30166395,0
54053,10.41076667,382.164334,297.8039301,9.685946817,636.4007957,38.40893284,0
54053,10.41076667,382.164334,297.8039301,9.685946817,636.4007957,38.40893284,0
54053,10.41076667,382.164334,297.8039301,9.685946817,636.4007957,38.40893284,0
54053,10.41076667,382.164334,297.8039301,9.685946817,636.4007957,38.40893284,0
54053,10.41076667,382.164334,297.8039301,9.685946817,636.4007957,38.40893284,0
54053,10.41076667,382.164334,297.8039301,9.685946817,636.4007957,38.40893284,0
54061,35.05586069,6504.771902,616.416563,24.32404945,2890.463632,69.18417216,0
54061,35.05586069,6504.771902,616.416563,24.32404945,2890.463632,69.18417216,0
54073,32.09890429,2970.211729,839.0788022,25.86656068,8037.393108,64.41612133,0
54073,32.09890429,2970.211729,839.0788022,25.86656068,8037.393108,64.41612133,0
54079,44.34840609,1732.452101,1387.517143,43.1302294,3031.792844,111.5830248,0
54079,44.34840609,1732.452101,1387.517143,43.1302294,3031.792844,111.5830248,0
54079,44.34840609,1732.452101,1387.517143,43.1302294,3031.792844,111.5830248,0
54107,0,0,0,0,0,0,0
54107,0,0,0,0,0,0,0
54107,0,0,0,0,0,0,0
55011,0.4878245,0.397319,3.017173833,0.279472117,0.2208785,7.012470333,0
55011,0.4878245,0.397319,3.017173833,0.279472117,0.2208785,7.012470333,0
55011,0.4878245,0.397319,3.017173833,0.279472117,0.2208785,7.012470333,0
55011,0.4878245,0.397319,3.017173833,0.279472117,0.2208785,7.012470333,0
55011,0.4878245,0.397319,3.017173833,0.279472117,0.2208785,7.012470333,0
55011,0.4878245,0.397319,3.017173833,0.279472117,0.2208785,7.012470333,0
55021,5.2069805,5.754092,33.393265,3.093121365,2.814246,74.850207,0
55021,5.2069805,5.754092,33.393265,3.093121365,2.814246,74.850207,0
55073,56.32280699,1939.157739,411.192189,15.08705814,2144.587437,152.0540586,0
55087,61.27644039,156.2091819,30.41396406,11.18315051,38.71422327,26.59250949,0
55089,34.93738604,67.98720525,1.690438103,0.39785278,0,11.18422419,0
55089,34.93738604,67.98720525,1.690438103,0.39785278,0,11.18422419,0
55089,34.93738604,67.98720525,1.690438103,0.39785278,0,11.18422419,0
55117,1.0228632,6.330080873,2.656228337,0.225927989,3.81949512,5.04550898,0
55117,1.0228632,6.330080873,2.656228337,0.225927989,3.81949512,5.04550898,0
55117,1.0228632,6.330080873,2.656228337,0.225927989,3.81949512,5.04550898,0
55123,23.68107768,1145.602764,299.3844162,10.79273457,855.825553,115.2218784,0
56031,157.1357077,11788.43827,1682.399294,77.43933926,3963.908872,1014.323483,0
